<?xml version="1.0" encoding="utf-8" standalone="no" ?>
<wheel xmlns:xsi="http://www.w3.org/2001/XMLSchema-instance" xsi:noNamespaceSchemaLocation="$data/shared/xml/schema/wheel.xsd">
    <brand>MITAS</brand>
    <name>AR04</name>
    <default>
        <physics radius="0.33" width="0.21" mass="0.034" tireType="street" frictionScale="1.60" maxLongStiffness="8" maxLatStiffness="100" maxLatStiffnessLoad="2" />
        <tire filename="pneu/pneu.i3d" nodeLeft="0|5" nodeRight="0|5" maxDeformation="0.03" sideDeformOffset="0.967" isCareWheel="true" tireTrackAtlasIndex="0" />
        <outerRim filename="pneu/pneu.i3d" node="1|2" widthAndDiam="48 39" />
        <innerRim filename="pneu/pneu.i3d" nodeLeft="1|0" nodeRight="1|1" widthAndDiam="36.1 42.9" offset="-0.06" />
    </default>
	<configurations>
        <configuration id="aro2" >
            <innerRim filename="pneu/pneu.i3d" nodeLeft="1|3" nodeRight="1|4" widthAndDiam="36.1 42.9" offset="0.01" />
        </configuration>
		<configuration id="aro3" >
            <innerRim filename="pneu/pneu.i3d" nodeLeft="1|5" nodeRight="1|6" widthAndDiam="36.1 42.9" offset="0.01" />
        </configuration>
		<configuration id="aro4" >
            <outerRim filename="-"/>
			<innerRim filename="pneu/pneu.i3d" nodeLeft="1|7" nodeRight="1|8" widthAndDiam="45 41" offset="0.01" />
        </configuration>
		<configuration id="aro5" >
            <outerRim filename="-"/>
			<innerRim filename="pneu/pneu.i3d" nodeLeft="1|9" nodeRight="1|10" widthAndDiam="45 41" offset="0.01" />
        </configuration>
		<configuration id="aro6" >
            <outerRim filename="-" />
            <innerRim filename="$data/shared/wheels/rims/rimsCar.i3d" nodeLeft="1|0" nodeRight="1|1" widthAndDiam="9.6 13.2" offset="0.001"/>
        </configuration>
    </configurations>
</wheel>
