<?xml version="1.0" encoding="utf-8" standalone="no" ?>
<sounds xmlns:xsi="http://www.w3.org/2001/XMLSchema-instance" xsi:noNamespaceSchemaLocation="../../../../../shared/xml/schema/vehicle_sounds.xsd">
    <motorized>
        <sounds>
            <motor template="DEFAULT_MOTOR_IDLE" file="sounds/idle.ogg" volumeScale="1.3">
	            <volume indoor="0.65" outdoor="1.0" >
		            <modifier type="SPEED" value="0.0"  modifiedValue="1.0" />
                    <modifier type="SPEED" value="1.0"  modifiedValue="1.0" />
                    <modifier type="SPEED" value="2.0"  modifiedValue="0.0" />
                </volume>
            </motor>
	
	        <motor template="DEFAULT_MOTOR_RUN" file="sounds/run.ogg" volumeScale="1.3" >
                <volume indoor="0.65" outdoor="1.0" >
		            <modifier type="SPEED" value="0.0"  modifiedValue="0.0" />
                    <modifier type="SPEED" value="10.0"  modifiedValue="1.0" />
                    <modifier type="SPEED" value="50.0"  modifiedValue="0.0" />
                </volume>
                <pitch indoor="1.0" outdoor="1.0" >
                    <modifier type="SPEED" value="0.0"  modifiedValue="0.0" />
                    <modifier type="SPEED" value="1.0"  modifiedValue="1.0" />
                </pitch>
            </motor>
	    </sounds>
    </motorized>

	<lights>
        <sounds>
            <toggleLights template="SWITCH_01"  />
            <turnLight template="SWITCH_TURNLIGHT"  />
        </sounds>
    </lights>

    <drivable>
        <sounds>
            <waterSplash template="WATER_SPLASH_01" />
        </sounds>
    </drivable>

</sounds>
