﻿<?xml version="1.0" encoding="utf-8" standalone="no"?>
<vehicle type="carFillable" xmlns:xsi="http://www.w3.org/2001/XMLSchema-instance" xsi:noNamespaceSchemaLocation="https://validation.gdn.giants-software.com/xml/fs22/vehicle.xsd">
    <annotation>Copyright (C) GIANTS Software GmbH, All Rights Reserved.</annotation>
    <storeData>
        <name>
            <en>Scooter M300-M400</en></name>
        <specs>
            <power>20</power>
            <maxSpeed>30</maxSpeed>
        </specs>
        <functions>
            <function>$l10n_function_car</function>
        </functions>
        <image>store_scooter.png</image>
        <price>1500</price>
        <lifetime>600</lifetime>
        <rotation>0</rotation>
        <brand>LIZARD</brand>
        <category>miscVehicles</category>
        <vertexBufferMemoryUsage>351324</vertexBufferMemoryUsage>
        <indexBufferMemoryUsage>68934</indexBufferMemoryUsage>
        <textureMemoryUsage>1616776</textureMemoryUsage>
        <instanceVertexBufferMemoryUsage>0</instanceVertexBufferMemoryUsage>
        <instanceIndexBufferMemoryUsage>0</instanceIndexBufferMemoryUsage>
    </storeData>
    <base>
        <typeDesc>$l10n_typeDesc_car</typeDesc>
        <filename>scooter.i3d</filename>
        <size width="1" length="2"/>
        <components>
            <component centerOfMass="0 0.3 0" solverIterationCount="10" mass="50"/>
        </components>
        <schemaOverlay name="VEHICLE" attacherJointPosition="0 0"/>
        <sounds filename="sounds/scooter.xml"/>
    </base>
    <wheels>
        <wheelConfigurations>
            <wheelConfiguration name="$l10n_configuration_valueDefault" price="0">
                <wheels autoRotateBackSpeed="1.2">
                    <wheel hasTireTracks="false" hasParticles="false">
                        <physics tipOcclusionAreaGroupId="1" rotSpeed="1" restLoad="0.6" repr="0>3" driveNode="0>3|0" forcePointRatio="0.5" radius="0.31" width="0.2" mass="0.01" initialCompression="25" suspTravel="0.09" spring="1" damper="1" frictionScale="2.5"/>
                        <tire isCareWheel="true" tireTrackAtlasIndex="1"/>
                        <fender node="0>0|0|0" rotMax="22"/>
                    </wheel>
                    <wheel hasTireTracks="false" hasParticles="false">
                        <physics tipOcclusionAreaGroupId="1" rotSpeed="1" restLoad="0.6" repr="0>4" driveNode="0>4|0" forcePointRatio="0.5" radius="0.31" width="0.2" mass="0.01" initialCompression="25" suspTravel="0.09" spring="1" damper="1" frictionScale="2.5"/>
                        <tire isCareWheel="true" tireTrackAtlasIndex="1"/>
                        <fender node="0>0|0" rotMin="-22"/>
                    </wheel>
                    <wheel hasTireTracks="false" hasParticles="false">
                        <physics tipOcclusionAreaGroupId="1" rotSpeed="1" restLoad="0.6" repr="0>1" forcePointRatio="0.5" radius="0.31" width="0.2" mass="0.01" initialCompression="25" suspTravel="0.09" spring="1" damper="1" frictionScale="2.5"/>
                        <tire isCareWheel="true" tireTrackAtlasIndex="1"/>
                    </wheel>
                    <wheel hasTireTracks="false" hasParticles="false">
                        <physics tipOcclusionAreaGroupId="1" rotSpeed="1" restLoad="0.6" repr="0>2" forcePointRatio="0.5" radius="0.31" width="0.2" mass="0.01" initialCompression="25" suspTravel="0.09" spring="1" damper="1" frictionScale="2.5"/>
                        <tire isCareWheel="true" tireTrackAtlasIndex="1"/>
                    </wheel>
                </wheels>
            </wheelConfiguration>
        </wheelConfigurations>
        <ackermannSteeringConfigurations>
            <ackermannSteering rotSpeed="50" rotMax="35" rotCenterWheel1="3" rotCenterWheel2="4"/>
        </ackermannSteeringConfigurations>
    </wheels>
    <speedRotatingParts>
        <speedRotatingPart node="0>0|0|0|0|1|0|0" radius="0.14"/>
        <speedRotatingPart node="0>0|0|0|0|0" radius="0.14"/>
    </speedRotatingParts>
    <lights>
        <states>
            <state lightTypes="0"/>
        </states>
        <realLights>
            <low>
                <light node="0>0|0|0|0|1|0|7|1" lightTypes="0" excludedLightTypes="2 3"/>
                <light node="0>0|0|0|0|1|0|7|2" lightTypes="3"/>
            </low>
            <high>
                <light node="0>0|0|0|0|1|0|7|0" lightTypes="0" excludedLightTypes="2 3"/>
                <light node="0>0|0|0|0|8|0|0" lightTypes="0"/>
                <light node="0>0|0|0|0|1|0|7|3" lightTypes="3"/>
                <brakeLight node="0>0|0|0|0|8|0|0"/>
            </high>
        </realLights>
        <defaultLights>
            <defaultLight shaderNode="0>0|0|0|0|1|0|6|0" lightTypes="0 3"/>
            <defaultLight shaderNode="0>0|0|0|0|8|0|1|1" lightTypes="0"/>
        </defaultLights>
        <brakeLights>
            <brakeLight shaderNode="0>0|0|0|0|8|0|1|1"/>
        </brakeLights>
        <sounds>
            <toggleLights template="SWITCH_01"/>
            <turnLight template="SWITCH_TURNLIGHT_OPENCABIN"/>
        </sounds>
    </lights>
    <enterable isTabbable="true">
        <exitPoint node="0>5"/>
        <enterReferenceNode node="0>"/>
        <enterAnimation name="stopka"/>
        <characterNode node="0>0|0|0|0|7|0" cameraMinDistance="1" spineRotation="-90 0 90">
            <target ikChain="rightFoot" targetNode="0>0|0|0|0|7|2"/>
            <target ikChain="leftFoot" targetNode="0>0|0|0|0|7|1"/>
            <target ikChain="rightArm" targetNode="0>0|0|0|0|1|0|4" poseId="wideFingers"/>
            <target ikChain="leftArm" targetNode="0>0|0|0|0|1|0|3" poseId="wideFingers"/>
        </characterNode>
        <cameras>
            <camera node="0>0|0|0|0|6|0|0" rotatable="true" rotateNode="0>0|0|0|0|6|0" limit="true" useWorldXZRotation="true" rotMinX="-1.4" rotMaxX="1" transMin="3.5" transMax="40" translation="0 0 5.75" rotation="-10 180 0">
                <raycastNode node="0>0|0|0|0|6|1"/>
                <raycastNode node="0>0|0|0|0|6|2"/>
            </camera>
            <camera node="0>0|0|0|0|6|3" rotatable="true" limit="true" rotMinX="-1.1" rotMaxX="0.4" transMin="0" transMax="0" useMirror="false" isInside="true" shadowFocusBox="0>0|0|0|0|6|4" positionSmoothingParameter="0"/>
        </cameras>
    </enterable>
    <motorized>
        <consumerConfigurations>
            <consumerConfiguration>
                <consumer fillUnitIndex="1" usage="1" fillType="diesel"/>
            </consumerConfiguration>
        </consumerConfigurations>
        <motorConfigurations>
            <motorConfiguration name="$l10n_configuration_valueDefault" hp="20" price="0">
                <motor torqueScale="0.088" minRpm="850" maxRpm="2200" maxForwardSpeed="31" maxBackwardSpeed="5" brakeForce="0.01" lowBrakeForceScale="0.3" rotInertia="0.00012">
                    <torque normRpm="0.45" torque="0.9"/>
                    <torque normRpm="0.5" torque="0.97"/>
                    <torque normRpm="0.59" torque="1"/>
                    <torque normRpm="0.72" torque="1"/>
                    <torque normRpm="0.86" torque="0.88"/>
                    <torque normRpm="1" torque="0.72"/>
                </motor>
                <transmission minForwardGearRatio="7" maxForwardGearRatio="300" minBackwardGearRatio="32" maxBackwardGearRatio="300"/>
            </motorConfiguration>
            <motorConfiguration name="M400" hp="30" price="0">
                <motor torqueScale="0.132" minRpm="850" maxRpm="2200" maxForwardSpeed="41" maxBackwardSpeed="5" brakeForce="0.01" lowBrakeForceScale="0.3" rotInertia="0.00012">
                    <torque normRpm="0.45" torque="0.9"/>
                    <torque normRpm="0.5" torque="0.97"/>
                    <torque normRpm="0.59" torque="1"/>
                    <torque normRpm="0.72" torque="1"/>
                    <torque normRpm="0.86" torque="0.88"/>
                    <torque normRpm="1" torque="0.72"/>
                </motor>
                <transmission minForwardGearRatio="7" maxForwardGearRatio="300" minBackwardGearRatio="32" maxBackwardGearRatio="300"/>
            </motorConfiguration>
            <motorConfiguration name="vaVite" hp="500" price="100">
                <motor torqueScale="10000" minRpm="850" maxRpm="10000" maxForwardSpeed="250" maxBackwardSpeed="5" brakeForce="0.01" lowBrakeForceScale="0.3" rotInertia="0.00012">
                    <torque normRpm="0.45" torque="0.9"/>
                    <torque normRpm="0.5" torque="0.97"/>
                    <torque normRpm="0.59" torque="1"/>
                    <torque normRpm="0.72" torque="1"/>
                    <torque normRpm="0.86" torque="0.88"/>
                    <torque normRpm="1" torque="0.72"/>
                </motor>
                <transmission minForwardGearRatio="7" maxForwardGearRatio="300" minBackwardGearRatio="32" maxBackwardGearRatio="300"/>
            </motorConfiguration>
        </motorConfigurations>
        <differentialConfigurations>
            <differentialConfiguration>
                <differentials>
                    <differential torqueRatio="0.5" maxSpeedRatio="1.6" wheelIndex1="1" wheelIndex2="2"/>
                    <differential torqueRatio="0.5" maxSpeedRatio="1.8" wheelIndex1="3" wheelIndex2="4"/>
                    <differential torqueRatio="0.5" maxSpeedRatio="1.4" differentialIndex1="1" differentialIndex2="2"/>
                </differentials>
            </differentialConfiguration>
        </differentialConfigurations>
        <dashboards>
            <dashboard valueType="speed" displayType="NUMBER" groups="MOTOR_ACTIVE" numbers="0>0|0|0|0|1|0|9" numberColor="0.4508 0.6307 0.7157 1" precision="1">
                <default>
                    <dashboard displayType="VISIBILITY" groups="MOTOR_ACTIVE" node="0>0|0|0|0|1|0|2|1"/>
                    <dashboard displayType="VISIBILITY" groups="MOTOR_ACTIVE" node="0>0|0|0|0|1|0|9|3"/>
                </default>
            </dashboard>
        </dashboards>
    </motorized>
    <drivable>
        <dashboards>
            <dashboard displayType="ROT" doInterpolation="true" groups="MOTOR_ACTIVE" maxRot="0 19 0" minRot="0 0 0" node="0>0|0|0|0|1|0|8|0" valueType="decelerationAxis"/>
        </dashboards>
        <sounds>
            <waterSplash template="WATER_SPLASH_01"/>
        </sounds>
        <steeringWheel indoorRotation="35" node="0>0|0|0|0|1|0" outdoorRotation="35"/>
    </drivable>
    <animations>
        <animation name="stopka">
            <part endRot="90 0 10" endTime="1" node="0>0|0|0|0|2" startRot="0 0 10" startTime="0"/>
            <part endRot="90 0 0" endTime="1" node="0>0" startRot="90 0 -11" startTime="0"/>
        </animation>
    </animations>
    <fillUnit>
        <fillUnitConfigurations>
            <fillUnitConfiguration>
                <fillUnits>
                    <fillUnit capacity="10" fillTypes="DIESEL" showOnHud="false" showInShop="false" unitTextOverride="$l10n_unit_literShort"/>
                </fillUnits>
            </fillUnitConfiguration>
        </fillUnitConfigurations>
    </fillUnit>
    <foliageBending>
        <bendingNode minX="-0.4" maxX="0.4" minZ="-1" maxZ="1" yOffset="0.3"/>
    </foliageBending>
    <baseMaterial>
        <material name="hulajnug_mat" baseNode="0>0|0|0|0">
            <shaderParameter name="colorMat0" value="0.03 0.03 0.03 0"/>
            <shaderParameter name="colorMat4" value="0.03 0.03 0.03 0"/>
        </material>
    </baseMaterial>
    <baseMaterialConfigurations defaultColorIndex="0" useDefaultColors="false">
        <baseMaterialConfiguration color="0.03 0.03 0.03" name="$l10n_Black" price="0">
            <material name="hulajnug_mat" shaderParameter="colorMat0"/>
        </baseMaterialConfiguration>
        <baseMaterialConfiguration color="0.5 0.5 0.5" name="$l10n_White" price="0">
            <material name="hulajnug_mat" shaderParameter="colorMat4"/>
        </baseMaterialConfiguration>
    </baseMaterialConfigurations>
    <wearable wearDuration="480" workMultiplier="5" fieldMultiplier="2"/>
    <washable dirtDuration="90" washDuration="1" workMultiplier="3" fieldMultiplier="2"/>
    <honk>
        <sound template="HONK_JD_GATOR"/>
    </honk>
    <ai>
        <collisionTrigger node="0>0|0|0|0|4|0"/>
    </ai>
    <!--Non converted elements, might require manual conversion or are obsolete:

<?xml version="1.0" encoding="utf-8" standalone="no"?>
<vehicle>
    <base>
        <components count="1"/>
    </base>

    <enterable>
        <cameras count="2"/>
    </enterable>

    <dashboard>
        <groups>
            <group name="MOTOR_STARTING" isMotorStarting="true"/>
            <group name="MOTOR_ACTIVE" isMotorStarting="true" isMotorRunning="true"/>
        </groups>
        <default>
            <dashboard displayType="VISIBILITY" node="0>0|0|0|0|1|0|2|1" groups="MOTOR_ACTIVE"/>
            <dashboard displayType="VISIBILITY" node="0>0|0|0|0|1|0|9|3" groups="MOTOR_ACTIVE"/>
        </default>
    </dashboard>
</vehicle>
-->
</vehicle>
