﻿<?xml version="1.0" encoding="utf-8" standalone="no" ?>
<modDesc descVersion="63">
    <author>MyGameSteam</author>
    <version>1.0.0.0</version>
    <iconFilename>mod_icon.dds</iconFilename>
    <storeItems>
        <storeItem xmlFilename="turbo.xml"/>
    </storeItems>
    <title>
        <en>Peugeot 205 Turbo 1984</en>
    </title>
	<description>
		<en><![CDATA[Peugeot 205 Turbo 1984


➣ Price: 42000
➣ Max Speed: 209 KMH
➣ All Wheel Drive
➣ Fully Animated Manual Driving
➣ Animated Interior

➲ Configurations

➣ Body Color Configuration
➣ Rims Color Configuration
➣ Glass Tint Configuration
➣ Glass Color Configuration
➣ Front Configuration: 4 Configurations
➣ Rear Configuration: 3 Configurations
➣ Body Setup Configuration: 2 Configurations
➣ Wings Configuration: 4 Configurations
➣ Hood Light Configuration: 2 Configurations 
➣ Hitch Configuration

➲ Animations
➣ 2 Doors
➣ 2 Windows
➣ Trunk
➣ Hood
]]></en>
	</description>
	<multiplayer supported="true"/>
	
	
	
	<brands>
		<brand name="MGSPEUGEOT" title="Peugeot" image="logo.dds" />
	</brands>
	<axisIcons>
		<icon name="HOOD_ICON" filename="icons/Hood.dds"/>
		<icon name="FRONT_LEFT_DOOR_ICON" 	filename="icons/Front_Left.dds"/>
		<icon name="FRONT_RIGHT_DOOR_ICON" 	filename="icons/Front_Right.dds"/>
		<icon name="WINDOW_ICON" 	filename="icons/Window.dds"/>
	</axisIcons>
	
	
</modDesc>
