﻿<?xml version="1.0" encoding="utf-8" standalone="no" ?>
<vehicle type="car" xmlns:xsi="http://www.w3.org/2001/XMLSchema-instance" xsi:noNamespaceSchemaLocation="../../../../shared/xml/schema/vehicle.xsd">
    <annotation>Copyright (C) GIANTS Software GmbH, All Rights Reserved.</annotation>
    <storeData>
        <name>            <en>Peugeot 205 Turbo 1984</en>
        </name>
        <specs>
            <power>147</power>
            <maxSpeed>209</maxSpeed>
        </specs>
        <functions>
            <function>$l10n_function_car</function>
        </functions>
        <image>store_icon.dds</image>
        <price>42000</price>
        <lifetime>600</lifetime>
        <rotation>0</rotation>
        <brand>MGSPEUGEOT</brand>
        <category>cars</category>
        <shopTranslationOffset>0 0.04 0</shopTranslationOffset>
        <shopRotationOffset>0 0 0</shopRotationOffset>
        <vertexBufferMemoryUsage>1788416</vertexBufferMemoryUsage>
        <indexBufferMemoryUsage>439808</indexBufferMemoryUsage>
        <textureMemoryUsage>2031616</textureMemoryUsage>
        <instanceVertexBufferMemoryUsage>0</instanceVertexBufferMemoryUsage>
        <instanceIndexBufferMemoryUsage>0</instanceIndexBufferMemoryUsage>
        <audioMemoryUsage>0</audioMemoryUsage>
    </storeData>
    <base>
        <typeDesc>$l10n_typeDesc_car</typeDesc>
        <filename>turbo.i3d</filename>
        <sounds filename="sounds/sound.xml"/>
        <size width="2" length="4"/>
        <components count="1">
            <component centerOfMass="0 0 0" solverIterationCount="10" mass="1800"/>
        </components>
        <schemaOverlay attacherJointPosition="0 0" name="CAR" />
        <mapHotspot type="CAR" />
    </base>
    <wheels>
        <wheelConfigurations>
            <wheelConfiguration name="$l10n_configuration_valueDefault" price="0">
                <wheels autoRotateBackSpeed="2.5">
                    <wheel hasParticles="true" hasTireTracks="true">
                        <physics rotSpeed="1" restLoad="0.5" repr="axisFrontLeft" driveNode="wheelFrontLeft" radius="0.33" width="0.27" forcePointRatio="0.5" initialCompression="25" suspTravel="0.13" spring="14" damper="3" frictionScale="2.5"/>
                        <tire tireTrackAtlasIndex="1" isCareWheel="false"/>
                    </wheel>
                    <wheel hasParticles="true" hasTireTracks="true">
                        <physics rotSpeed="1" restLoad="0.5" repr="axisFrontRight" driveNode="wheelFrontRight" radius="0.33" width="0.27" forcePointRatio="0.5" initialCompression="25" suspTravel="0.13" spring="14" damper="3" frictionScale="2.5"/>
                        <tire tireTrackAtlasIndex="1" isCareWheel="false"/>
                    </wheel>
                    <wheel hasParticles="true" hasTireTracks="true">
                        <physics rotSpeed="0" restLoad="0.7" repr="axisRearLeft" driveNode="wheelBackLeft" radius="0.33" width="0.27" forcePointRatio="0.5" initialCompression="25" suspTravel="0.14" spring="19" damper="3" frictionScale="3"/>
                        <tire tireTrackAtlasIndex="1" isCareWheel="false"/>
                    </wheel>
                    <wheel hasParticles="true" hasTireTracks="true">
                        <physics rotSpeed="0" restLoad="0.7" repr="axisRearRight" driveNode="wheelBackRight" radius="0.33" width="0.27" forcePointRatio="0.5" initialCompression="25" suspTravel="0.14" spring="19" damper="3" frictionScale="3"/>
                        <tire tireTrackAtlasIndex="1" isCareWheel="false"/>
                    </wheel>
                </wheels>
            </wheelConfiguration>
        </wheelConfigurations>
        <ackermannSteeringConfigurations>
            <ackermannSteering rotSpeed="45" rotMax="45" rotCenterWheel1="3" rotCenterWheel2="4"/>
        </ackermannSteeringConfigurations>
    </wheels>
	
	
	 <speedRotatingParts>
        <speedRotatingPart node="0>0|0|0|0|0|0|1|0" wheelIndex="1" wheelScale="-1"/>
        <speedRotatingPart node="0>0|0|1|0|0|0|1|0" wheelIndex="2" wheelScale="-1"/>
        <speedRotatingPart node="0>0|0|2|0|0|1|0" wheelIndex="3" wheelScale="-1"/>
        <speedRotatingPart node="0>0|0|3|0|0|1|0" wheelIndex="4" wheelScale="-1"/>
    </speedRotatingParts>


	
    <lights>
        <states>
            <state lightTypes="0"/>
            <state lightTypes="0 1"/>
            <state lightTypes="0 1 2"/>
        </states>
        <realLights>
            <low>
                <light node="frontLightLow" lightTypes="0"/>
                <light node="0>0|15|0|1|1|0|0|2" lightTypes="0 3"/>
                <light node="highBeamLow" lightTypes="1"/>
                <light node="0>0|15|0|1|5|2" lightTypes="2"/>
                <reverseLight node="reverseLight"/>
            </low>
            <high>
                <light node="frontLightHigh" lightTypes="0"/>
                <light node="highBeamHigh" lightTypes="1"/>
                <light node="0>0|15|0|1|5|3" lightTypes="2"/>
                <light node="backLightsHigh1" lightTypes="0 3"/>
                <light node="0>0|15|0|1|1|0|0|3" lightTypes="0 3"/>
                <light node="0>0|15|0|1|1|0|0|2" lightTypes="0 3"/>
                <brakeLight node="backLightsHigh1"/>
                <turnLightLeft node="turnLightLeftFront"/>
                <turnLightLeft node="turnLightLeftBack"/>
                <turnLightRight node="turnLightRightFront"/>
                <turnLightRight node="turnLightRightBack"/>
                <reverseLight node="reverseLight"/>
            </high>
        </realLights>
        <defaultLights>
            <defaultLight shaderNode="0>0|15|0|1|1|0|0|1|0" lightTypes="0 3"/>
            <defaultLight shaderNode="0>0|15|0|1|1|0|0|1|1" lightTypes="0 3"/>
            <defaultLight shaderNode="0>0|15|0|2|3|5|0|0" lightTypes="0 3"/>
            <defaultLight shaderNode="0>0|15|4|1|0" lightTypes="0 3"/>
            <defaultLight shaderNode="0>0|15|0|1|0|0|1" lightTypes="1"/>
            <defaultLight shaderNode="0>0|15|0|1|5|1" lightTypes="2"/>
        </defaultLights>
        <brakeLights>
            <brakeLight shaderNode="0>0|15|0|2|3|5|0|0"/>
        </brakeLights>
        <reverseLights>
            <reverseLight shaderNode="0>0|15|0|2|3|5|0|1"/>
        </reverseLights>
        <turnLights>
            <turnLightLeft shaderNode="0>0|15|4|1|2"/>
            <turnLightRight shaderNode="0>0|15|4|1|1"/>
            <turnLightLeft shaderNode="0>0|15|0|2|3|5|0|2"/>
            <turnLightRight shaderNode="0>0|15|0|2|3|5|0|3"/>
        </turnLights>

        <dashboards>
            <dashboard displayType="EMITTER" valueType="lightState" node="0>0|15|0|2|0|2|2" idleValue="0" intensity="1" lightTypes="0" groups="MOTOR_ACTIVE"/>
            <dashboard displayType="EMITTER" valueType="lightState" node="0>0|15|0|2|1|2|2" idleValue="0" intensity="1" lightTypes="0" groups="MOTOR_ACTIVE"/>
            <dashboard displayType="EMITTER" valueType="lightState" node="0>0|15|6|0" idleValue="0" intensity="1" lightTypes="0" groups="MOTOR_ACTIVE"/>
            <dashboard displayType="EMITTER" valueType="lightState" node="0>0|15|2|2|0|0" idleValue="0" intensity="1" lightTypes="0" groups="MOTOR_ACTIVE"/>
            <dashboard displayType="EMITTER" valueType="lightState" node="0>0|15|6|7" idleValue="0" intensity="1" lightTypes="0" groups="MOTOR_ACTIVE"/>
            <dashboard displayType="EMITTER" valueType="lightState" node="0>0|15|6|5" intensity="0.5" lightTypes="0" groups="MOTOR_ACTIVE"/>
            <dashboard displayType="EMITTER" valueType="lightState" node="needleFuel" intensity="2" lightTypes="0" groups="MOTOR_ACTIVE"/>
            <dashboard displayType="EMITTER" valueType="lightState" node="needleFuel01" intensity="2" lightTypes="0" groups="MOTOR_ACTIVE"/>
            <dashboard displayType="EMITTER" valueType="lightState" node="needleRpm" intensity="2" lightTypes="0" groups="MOTOR_ACTIVE"/>
            <dashboard displayType="EMITTER" valueType="lightState" node="needleSpeed" intensity="2" lightTypes="0" groups="MOTOR_ACTIVE"/>
            <dashboard displayType="EMITTER" valueType="lightState" node="needleTemp01" intensity="2" lightTypes="0" groups="MOTOR_ACTIVE"/>
            <dashboard displayType="EMITTER" valueType="lightState" node="needleTemp02" intensity="2" lightTypes="0" groups="MOTOR_ACTIVE"/>
            <dashboard displayType="EMITTER" valueType="lightState" node="needleturbo" intensity="2" lightTypes="0" groups="MOTOR_ACTIVE"/>
            <dashboard displayType="EMITTER" valueType="lightState" node="0>0|15|6|6" intensity="0.5" lightTypes="1" groups="MOTOR_ACTIVE"/>
            <dashboard displayType="EMITTER" valueType="turnLightLeft" node="0>0|15|6|8" baseColor="BLACK" emitColor="GREEN"/>
            <dashboard displayType="EMITTER" valueType="turnLightRight" node="0>0|15|6|9" baseColor="BLACK" emitColor="GREEN"/>
            <dashboard displayType="EMITTER" valueType="turnLightHazard" node="0>0|15|6|1" intensity="3"/>
            <dashboard displayType="ROT"     valueType="turnLight"       node="0>0|15|2|2|0" minRot="0 0 -27" maxRot="0 0 27" doInterpolation="true" />
        </dashboards>
    </lights>

    <licensePlates>
        <licensePlate node="0>0|15|0|1|0|0|4" position="FRONT" preferedType="ELONGATED" placementArea="0.10 0.22 0.10 0.22"/>
        <licensePlate node="0>0|15|0|1|1|0|1"  position="BACK"  preferedType="ELONGATED" placementArea="0.05 0.25 0.05 0.25"/>
        <licensePlate node="0>0|15|0|1|1|2|1"  position="BACK"  preferedType="ELONGATED" placementArea="0.05 0.25 0.05 0.25"/>
    </licensePlates>


    <enterable isTabbable="true">
        <enterReferenceNode node="pickup2014_main_component1"/>
        <exitPoint node="exitPoint"/>
        <cameras count="2">
            <camera node="outdoorCamera1" rotatable="true" rotateNode="outdoorCameraTarget" limit="true" useWorldXZRotation="true" rotMinX="-1.4" rotMaxX="1" transMin="4" transMax="40" translation="0 0 5.5" rotation="-17.5 180 0">
                <raycastNode node="cameraRaycastNode1"/>
                <raycastNode node="cameraRaycastNode2"/>
            </camera>
            <camera node="indoorCamera1" rotatable="true" limit="true" rotMinX="-1.1" rotMaxX="0.4" transMin="0" transMax="0" useMirror="true" isInside="true" positionSmoothingParameter="0" shadowFocusBox="shadowFocusBox"/>
        </cameras>

        <characterNode node="player_skin" cameraMinDistance="1.5" spineRotation="-90 0 90">
            <target ikChain="rightFoot" targetNode="player_rightFoot"/>
            <target ikChain="leftFoot" targetNode="player_leftFoot"/>
            <target ikChain="rightArm" targetNode="player_rightHand" poseId="wideFingers"/>
            <target ikChain="leftArm" targetNode="player_leftHand" poseId="wideFingers"/>
        </characterNode>
        <characterTargetNodeModifier node="player_rightFoot" transitionTime="0.1">
            <state node="player_rightFootGas" referenceNode="gasPedal"/>
            <state node="player_rightFootBrake" referenceNode="brakePedal"/>
        </characterTargetNodeModifier>


        <characterTargetNodeModifier node="player_rightHand" transitionTime="0.1" poseId="wideFingers">
            <state node="0>0|15|2|0|0" referenceNode="0>0|15|2|0" poseId="narrowFingers"/>
        </characterTargetNodeModifier>
    
        <characterTargetNodeModifier node="player_leftFoot" transitionTime="0.1" >
            <state node="0>0|15|2|3|0" referenceNode="0>0|15|2|3"/>
        </characterTargetNodeModifier>
	
	</enterable>
    <attacherJoints>

        <attacherJointConfigurations>

			<attacherJointConfiguration name="No Hitch" price="0" >
					<objectChange node="0>0|5" visibilityActive="false" visibilityInactive="true"/> 
					<objectChange node="0>0|6" visibilityActive="false" visibilityInactive="true"/> 
					<objectChange node="0>0|15|0|4" visibilityActive="false" visibilityInactive="true"/> 
			</attacherJointConfiguration>

			<attacherJointConfiguration name="Hitch" price="0" >
				<attacherJoint node="trailerAttacherJointBack" jointType="trailer" lowerRotLimit="10 70 50" upperRotationOffset="0" allowsJointLimitMovement="false" canTurnOnImplement="false" comboTime="1">
					<schema position="1 0" rotation="0" invertX="false"/>
				</attacherJoint>
				<attacherJoint node="trailerAttacherJointBack" jointType="trailerLow" lowerRotLimit="10 70 50" upperRotationOffset="0" allowsJointLimitMovement="false" canTurnOnImplement="false" comboTime="1">
					<schema position="1 0" rotation="0" invertX="false"/>
				</attacherJoint>

					<objectChange node="0>0|5" visibilityActive="true" visibilityInactive="false"/> 
					<objectChange node="0>0|6" visibilityActive="true" visibilityInactive="false"/> 
					<objectChange node="0>0|15|0|4" visibilityActive="true" visibilityInactive="false"/> 

			</attacherJointConfiguration>

        </attacherJointConfigurations>

    </attacherJoints>

    <connectionHoses>
        <target attacherJointIndices="1 2" type="electric" node="electricBack" socket="electric"/>
    </connectionHoses>
    <drivable>
        <steeringWheel node="steeringWheel" indoorRotation="540" outdoorRotation="60"/>
        <dashboards>
            <dashboard displayType="ROT" valueType="accelerationAxis" node="gasPedal" minRot="0 0 0" maxRot="30 0 0" doInterpolation="true" groups="MOTOR_ACTIVE"/>
            <dashboard displayType="ROT" valueType="decelerationAxis" node="brakePedal" minRot="0 0 0" maxRot="20 0 0" doInterpolation="true" groups="MOTOR_ACTIVE"/>
            <dashboard displayType="ROT" valueType="accelerationAxis" node="0>0|15|2|4" minRot="0 0 -6.155" maxRot="8.294 0 -6.155" doInterpolation="true" groups="MOTOR_ACTIVE"/>
            <dashboard displayType="ROT" valueType="decelerationAxis" node="0>0|15|2|5" minRot="0 0 0" maxRot="-15 0 0" doInterpolation="true" groups="MOTOR_ACTIVE"/>
        </dashboards>
    </drivable>
    <fillUnit>
        <fillUnitConfigurations>
            <fillUnitConfiguration>
                <fillUnits>
                    <fillUnit unitTextOverride="$l10n_unit_literShort" showOnHud="false" showInShop="false" fillTypes="diesel" capacity="120">
                        <dashboard displayType="ANIMATION" valueType="fillLevel" animName="loadingBarFuel" minValueAnim="0" maxValueAnim="35" groups="MOTOR_ACTIVE"/>
                    </fillUnit>
                </fillUnits>
            </fillUnitConfiguration>
        </fillUnitConfigurations>
    </fillUnit>
    <motorized>
        <consumerConfigurations>
            <consumerConfiguration>
                <consumer fillUnitIndex="1" usage="30" fillType="diesel"/>
                <!-- usage is per hour at max load and max rpm -->
            </consumerConfiguration>
        </consumerConfigurations>
        <differentialConfigurations>
            <differentialConfiguration>
                <differentials>
                    <differential torqueRatio="0.5" maxSpeedRatio="1.8" wheelIndex1="1" wheelIndex2="2"/>
                    <!-- front left-right -->
                    <differential torqueRatio="0.5" maxSpeedRatio="1.8" wheelIndex1="3" wheelIndex2="4"/>
                    <!-- back left-right -->
                    <differential torqueRatio="0.5" maxSpeedRatio="1.8" differentialIndex1="1" differentialIndex2="2"/>
                    <!-- front-back -->
                </differentials>
            </differentialConfiguration>
        </differentialConfigurations>
        <motorConfigurations>
            <motorConfiguration name="turbocharged petrol DOHC" hp="147" price="0">
                <motor torqueScale="0.9" minRpm="1000" maxRpm="6000" maxForwardSpeed="209" maxBackwardSpeed="20" brakeForce="1.7" lowBrakeForceScale="0.22" dampingRateScale="0.15">
                    <torque rpm="1000" torque="0.9"/>
                    <torque rpm="2400" torque="1"/>
                    <torque rpm="3480" torque="1"/>
                    <torque rpm="4560" torque="0.75"/>
                    <torque rpm="5280" torque="0.63"/>
                    <torque rpm="6000" torque="0.3"/>
                </motor>
                <transmission autoGearChangeTime="1" gearChangeTime="0.4" name="$l10n_info_transmission_manual" axleRatio="25" startGearThreshold="0.35">
                    <directionChange useGear="true"/>
                    <backwardGear gearRatio="4.066" name="R"/>
                    <forwardGear gearRatio="4.784"/>
                    <forwardGear gearRatio="2.423"/>
                    <forwardGear gearRatio="1.443"/>
                    <forwardGear gearRatio="1.000"/>
                    <forwardGear gearRatio="0.826"/>
                    <forwardGear gearRatio="0.643"/>
                </transmission>
            </motorConfiguration>
        </motorConfigurations>

        <gearLevers>
            <gearLever node="0>0|15|2|0" centerAxis="3" changeTime="0.3" handsOnDelay="0.2">
                <state gear="-1" xRot="-10" zRot="10"/>
                <state gear="1" xRot="10" zRot="-10"/>
                <state gear="2" xRot="-10" zRot="-10"/>
                <state gear="3" xRot="10" zRot="0"/>
                <state gear="4" xRot="-10" zRot="0"/>
                <state gear="5" xRot="10" zRot="10"/>
            </gearLever>
        </gearLevers>
        <exhaustEffects>
            <exhaustEffect node="0>0|15|0|1|1|0|2|0" filename="$data/effects/exhaust/exhaust.i3d" minRpmColor="0.9 0.9 0.9 0.1" maxRpmColor="0.9 0.9 0.9 0.4" minRpmScale="0.02" maxRpmScale="0.25"/>
            <exhaustEffect node="0>0|15|0|1|1|2|2" filename="$data/effects/exhaust/exhaust.i3d" minRpmColor="0.9 0.9 0.9 0.1" maxRpmColor="0.9 0.9 0.9 0.4" minRpmScale="0.02" maxRpmScale="0.25"/>
        </exhaustEffects>
        <dashboards>
            <dashboard displayType="ANIMATION" valueType="rpm" animName="rpmDisplay" minValueAnim="0" maxValueAnim="10000" groups="MOTOR_ACTIVE"/>
            <dashboard displayType="ANIMATION" valueType="rpm" animName="turboDisplay" minValueAnim="3905" maxValueAnim="5100" groups="MOTOR_ACTIVE"/>
            <dashboard displayType="ANIMATION" valueType="speed" animName="speedDisplay" minValueAnim="0" maxValueAnim="260" groups="MOTOR_ACTIVE"/>
            <dashboard displayType="ANIMATION" valueType="motorTemperature" animName="loadingBarTemperature" minValueAnim="0" maxValueAnim="130" groups="MOTOR_ACTIVE"/>
            <dashboard displayType="ROT" valueType="clutchPedal" node="0>0|15|2|3" minRot="0 0 0" maxRot="-40 0 0" doInterpolation="true" groups="MOTOR_ACTIVE"/>
            <dashboard displayType="MULTI_STATE" valueType="ignitionState" node="0>0|15|2|1|0" doInterpolation="true" groups="MOTOR_ACTIVE">
                <state value="0" rotation="0 0 0"/>
                <state value="1" rotation="0 85 0"/>
                <state value="2" rotation="0 55 0"/>
            </dashboard>
        </dashboards>
    </motorized>
    <animations>
        <animation name="backDoor">
            <sound file="sounds/trunk_open.ogg"    startTime="0.25"  direction="-1" volumeScale="1.4" pitchScale="1.4" linkNode="backDoor"/>
            <sound file="sounds/trunk_open.ogg"      startTime="0.25"  direction="1"  volumeScale="1.6" pitchScale="0.8" linkNode="backDoor"/>
            <part node="backDoor" startTime="0" endTime="0.25" startRot="0 0 0" endRot="2 0 0"/>
            <part node="backDoor" startTime="0.25" endTime="0.51" startRot="2 0 0" endRot="1 0 0"/>
            <part node="backDoor" startTime="0.51" endTime="2" startRot="1 0 0" endRot="50 0 0"/>
        </animation>
        <animation name="frontDoor">
            <sound file="sounds/trunk_open.ogg"    startTime="0"  direction="-1" volumeScale="1.4" pitchScale="1.4" linkNode="backDoor"/>
            <sound file="sounds/trunk_open.ogg"      startTime="0"  direction="1"  volumeScale="1.6" pitchScale="0.8" linkNode="backDoor"/>
            <part node="frontDoor" startTime="0" endTime="1" startRot="0 0 0" endRot="-60 0 0"/>
            <part node="0>0|15|0|2|4|0" startTime="0" endTime="1" startRot="0 0 0" endRot="-66.288 0 0"/>
        </animation>
        <animation name="leftDoor">
            <sound file="sounds/door_open.ogg"    startTime="0.15"  direction="-1" volumeScale="1.4" pitchScale="1.4" linkNode="backDoor"/>
            <sound file="sounds/door_close.ogg"      startTime="0.15"  direction="1"  volumeScale="1.6" pitchScale="0.8" linkNode="backDoor"/>
            <part node="0>0|15|0|2|0|0" startTime="0" endTime="0.3" startRot="0 0 0" endRot="0 0 25"/>
            <part node="0>0|15|0|2|0|0" startTime="0.3" endTime="0.6" startRot="0 0 25" endRot="0 0 0"/>
            <part node="0>0|15|0|2|0|2|0" startTime="0" endTime="0.3" startRot="0 0 0" endRot="0 -25 0"/>
            <part node="0>0|15|0|2|0|2|0" startTime="0.3" endTime="0.6" startRot="0 -25 0" endRot="0 0 0"/>
            <part node="leftDoor" startTime="0.6" endTime="1.2" startRot="0 0 0" endRot="0 -65 0"/>
        </animation>
        <animation name="rightDoor">
            <sound file="sounds/door_open.ogg"    startTime="0.15"  direction="-1" volumeScale="1.4" pitchScale="1.4" linkNode="backDoor"/>
            <sound file="sounds/door_close.ogg"      startTime="0.15"  direction="1"  volumeScale="1.6" pitchScale="0.8" linkNode="backDoor"/>
            <part node="0>0|15|0|2|1|2|0" startTime="0" endTime="0.3" startRot="0 0 0" endRot="0 25 0"/>
            <part node="0>0|15|0|2|1|2|0" startTime="0.3" endTime="0.6" startRot="0 25 0" endRot="0 0 0"/>
            <part node="0>0|15|0|2|1|0" startTime="0" endTime="0.3" startRot="0 0 0" endRot="0 0 -25"/>
            <part node="0>0|15|0|2|1|0" startTime="0.3" endTime="0.6" startRot="0 0 -25" endRot="0 0 0"/>
            <part node="rightDoor" startTime="0.6" endTime="1.2" startRot="0 0 0" endRot="0 65 0"/>
        </animation>

        <animation name="leftWindow">
            <sound file="sounds/rolldown.ogg"    startTime="0.15"  direction="-1" volumeScale="1.4" pitchScale="1.4" linkNode="backDoor"/>
            <sound file="sounds/rollup.ogg"      startTime="0.15"  direction="1"  volumeScale="1.6" pitchScale="0.8" linkNode="backDoor"/>
            <part node="leftWindow" startTime="0" endTime="3" startTrans="0.685 0.955 -0.033" endTrans="0.785 0.51 -0.012"/>
            <part node="leftWindow" startTime="0" endTime="3" startRot="0 0 0" endRot="0 0 -18.841"/>
        </animation>
		
        <animation name="rightWindow">
            <sound file="sounds/rolldown.ogg"    startTime="0.15"  direction="-1" volumeScale="1.4" pitchScale="1.4" linkNode="backDoor"/>
            <sound file="sounds/rollup.ogg"      startTime="0.15"  direction="1"  volumeScale="1.6" pitchScale="0.8" linkNode="backDoor"/>
            <part node="rightWindow" startTime="0" endTime="3" startTrans="-0.685 0.955 -0.033" endTrans="-0.785 0.51 -0.012"/>
            <part node="rightWindow" startTime="0" endTime="3" startRot="0 0 0" endRot="0 0 18.99"/>
        </animation>
		
	
	
	
        <animation name="rpmDisplay">
            <part node="needleRpm" startTime="0" endTime="1" startRot="0 0 0" endRot="0 -250 0"/>
        </animation>
        <animation name="turboDisplay">
            <part node="needleturbo" startTime="0" endTime="1" startRot="0 0 0" endRot="0 -48 0"/>
        </animation>
        <animation name="speedDisplay">
            <part node="needleSpeed" startTime="0" endTime="1" startRot="0 0 0" endRot="0 -225 0"/>
        </animation>
        <animation name="loadingBarTemperature">
            <part node="needleTemp01" startTime="0" endTime="1" startRot="0 0 0" endRot="0 -52 0"/>
            <part node="needleTemp02" startTime="0" endTime="1" startRot="0 0 0" endRot="0 -52 0"/>
        </animation>
        <animation name="loadingBarFuel">
            <part node="needleFuel" startTime="0" endTime="1" startRot="0 0 0" endRot="0 -40 0"/>
            <part node="needleFuel01" startTime="0" endTime="1" startRot="0 0 0" endRot="0 -40 0"/>
        </animation>
        <animation name="wiperFrontAnimation">
            <part node="wiper01" startTime="0" endTime="0.6" startRot="0 0 0" endRot="-5.759 80 0"/>
            <part node="wiper01" startTime="0.6" endTime="1.2" startRot="-5.759 80 0" endRot="0 0 0"/>
            <part node="wiper02" startTime="0" endTime="0.6" startRot="0 0 0" endRot="2 70 -7"/>
            <part node="wiper02" startTime="0.6" endTime="1.2" startRot="2 70 -7" endRot="0 0 0"/>
            <part node="wiper03" startTime="0" endTime="0.6" startRot="0 0 0" endRot="0 100 0"/>
            <part node="wiper03" startTime="0.6" endTime="1.2" startRot="0 100 0" endRot="0 0 0"/>
        </animation>
    </animations>
    <wipers>
        <wiper animName="wiperFrontAnimation">
            <state animSpeed="0.75" animPause="2.0"/>
            <state animSpeed="0.75" animPause="0.0"/>
            <state animSpeed="1.10" animPause="0.0"/>
        </wiper>
    </wipers>
	
	<!--simpleIC outsideInteractionTrigger="0>0|16|0" reachDistance="2.8">		
		<animation animationName="backDoor" animationSpeed="1" sharedAnimation="false" soundVolumeIncreasePercentage="0" >
			<insideTrigger 	triggerPoint="0>0|17|1" triggerPointSize="0.04" />
			<outsideTrigger triggerPoint="0>0|15|0|2|3|3|0" triggerPointSize="0.04" />
		</animation>
		<animation animationName="frontDoor" animationSpeed="1" sharedAnimation="false" soundVolumeIncreasePercentage="0" >
			<insideTrigger 	triggerPoint="0>0|17|0" triggerPointSize="0.04" />
			<outsideTrigger triggerPoint="0>0|15|0|2|2|2|0" triggerPointSize="0.04" />
		</animation>
		<animation animationName="leftDoor" animationSpeed="1" sharedAnimation="false" soundVolumeIncreasePercentage="0.5" >
			<insideTrigger 	triggerPoint="0>0|15|0|2|0|4|0" triggerPointSize="0.04" />
			<outsideTrigger triggerPoint="0>0|15|0|2|0|4|1" triggerPointSize="0.04" />
		</animation>
		<animation animationName="rightDoor" animationSpeed="1" sharedAnimation="false" soundVolumeIncreasePercentage="0.5" >
			<insideTrigger 	triggerPoint="0>0|15|0|2|1|4|0" triggerPointSize="0.04" />
			<outsideTrigger triggerPoint="0>0|15|0|2|1|4|1" triggerPointSize="0.04" />
		</animation>
		<animation animationName="rightWindow" animationSpeed="1" sharedAnimation="false" soundVolumeIncreasePercentage="0.3" >
			<insideTrigger 	triggerPoint="0>0|15|0|2|1|4|2" triggerPointSize="0.02" />
		</animation>
		<animation animationName="leftWindow" animationSpeed="1" sharedAnimation="false" soundVolumeIncreasePercentage="0.3" >
			<insideTrigger 	triggerPoint="0>0|15|0|2|0|4|2" triggerPointSize="0.02" />
		</animation>
		<animation animationName="indoorLight" animationSpeed="1" sharedAnimation="false" soundVolumeIncreasePercentage="0" >
			<insideTrigger 	triggerPoint="0>0|17|4" triggerPointSize="0.01" />
		</animation>
	<motorStartControl>
	<leverAnimation animationName="leverAnimation_motorStartControl" isTurnKeyAnimation="true" />
		<insidetrigger triggerPoint="0>0|17|2" triggerPointSize="0.02" />			
	</motorStartControl>

	<lightControl type="turnLightLeft" >
		<leverAnimation animationName="TurnLightLeftAnimation" />
	</lightControl>

	<lightControl type="turnLightRight" >
		<leverAnimation animationName="TurnLightRightAnimation" />
	</lightControl>
	<lightControl type="turnLightHazard" >
		<insidetrigger triggerPoint="0>0|17|3" triggerPointSize="0.01" />	
	</lightControl>	
	</simpleIC-->
	
	
	
	
    <foldable>
        <foldingConfigurations>
            <foldingConfiguration>
                <foldingParts requiresPower="false">
					<foldingPart animationName="backDoor" speedScale="1"/>
                </foldingParts>
            </foldingConfiguration>
        </foldingConfigurations>
    </foldable>
    <cylindered>
        <movingTools>
            <movingTool node="backDoor" playSound="false">
                <dependentPart node="0>0|15|0|2|3|1|2|0|0"/>
                <dependentPart node="0>0|15|0|2|3|1|2|1|0"/>
            </movingTool>
            <movingTool node="frontDoor">
                <controls axis="AXIS_FRONTLOADER_TOOL4" invertAxis="false" mouseSpeedFactor="1.2" iconName="HOOD_ICON" />
				<animation animSpeed="1" animAcceleration="5" animName="frontDoor" />
			</movingTool>
            <movingTool node="rightDoor">
                <controls axis="AXIS_FRONTLOADER_TOOL2" invertAxis="false" mouseSpeedFactor="1.2" iconName="FRONT_RIGHT_DOOR_ICON" />
				<animation animSpeed="1" animAcceleration="5" animName="rightDoor" />
            </movingTool>
            <movingTool node="leftDoor">
                <controls axis="AXIS_HYDRAULICATTACHER2" invertAxis="true" mouseSpeedFactor="1.2" iconName="FRONT_LEFT_DOOR_ICON" />
				<animation animSpeed="1" animAcceleration="5" animName="leftDoor" />
            </movingTool>
            <movingTool node="rightWindow">
                <controls axis="AXIS_FRONTLOADER_ARM2" invertAxis="true" mouseSpeedFactor="1.2" iconName="WINDOW_ICON" />
				<animation animSpeed="1" animAcceleration="5" animName="rightWindow" />
            </movingTool>
            <movingTool node="leftWindow">
                <controls axis="AXIS_HYDRAULICATTACHER1" invertAxis="false" mouseSpeedFactor="1.2" iconName="WINDOW_ICON" />
				<animation animSpeed="1" animAcceleration="5" animName="leftWindow" />
            </movingTool>

        </movingTools>
        <movingParts>
            <movingPart node="0>0|15|0|2|2|0|0" referencePoint="0>0|15|0|2|4|0|0" referenceFrame="0>0|15|0|2|4|0|0" scaleZ="true" isActiveDirty="true" invertZ="true" maxUpdateDistance="30"/>

            <movingPart node="0>0|15|0|2|3|1|2|0|0" referencePoint="0>0|15|3|3|0" referenceFrame="0>0|15|3|3|0" invertZ="true" scaleZ="true" maxUpdateDistance="30"/>
            <movingPart node="0>0|15|0|2|3|1|2|1|0" referencePoint="0>0|15|3|3|1" referenceFrame="0>0|15|3|3|1" invertZ="true" scaleZ="true" maxUpdateDistance="30"/>



        </movingParts>
    </cylindered>
    <suspensions>
        <suspension useCharacterTorso="true" weight="90" minRotation="0 -5 -5" maxRotation="0 5 5" suspensionParametersY="7 1" suspensionParametersZ="7 1"/>
    </suspensions>
    <dashboard>
        <groups>
            <group name="MOTOR_STARTING" isMotorStarting="true"/>
            <group name="MOTOR_ACTIVE" isMotorStarting="true" isMotorRunning="true"/>
        </groups>
        <default>
            <dashboard displayType="EMITTER" node="0>0|15|6|2" intensity="0.5" groups="MOTOR_ACTIVE"/>
            <dashboard displayType="EMITTER" node="0>0|15|6|3" intensity="0.5" groups="MOTOR_STARTING"/>
        </default>
    </dashboard>
    <ai>
        <collisionTrigger node="aiCollisionTrigger"/>
    </ai>

    <foliageBending>
        <bendingNode minX="-1" maxX="1" minZ="-2.1" maxZ="2.1" yOffset="0.3"/>
    </foliageBending>

    <baseMaterial>
        <material name="body_mat" baseNode="pickup2014_vis">
            <shaderParameter name="colorMat0" value="SHARED_GREY2"/>
        </material>
        <material name="Engine" baseNode="0>0|15|3|0">
            <shaderParameter name="colorMat0" value="SHARED_GREY2"/>
        </material>
        <material name="Hitch" baseNode="0>0|15|0|4">
            <shaderParameter name="colorMat6" value="SHARED_GREY2"/>
        </material>
        <material name="glassin" baseNode="0>0|15|0|2|3|0|0|0">
            <shaderParameter name="colorMat0" value="SHARED_GREY2"/>
        </material>
        <material name="glassin1" baseNode="0>0|15|0|3|1">
            <shaderParameter name="colorMat0" value="SHARED_GREY2"/>
        </material>
        <material name="glassout1" baseNode="0>0|15|0|2|3|0|1|0">
            <shaderParameter name="colorMat0" value="SHARED_GREY2"/>
        </material>
        <material name="glassout2" baseNode="0>0|15|0|2|3|0|2|0">
            <shaderParameter name="colorMat0" value="SHARED_GREY2"/>
        </material>
        <material name="pickup2014Rims_mat" baseNode="rim">
            <shaderParameter name="colorMat0" value="0.0179 0.0179 0.0179 16"/>
        </material>
    </baseMaterial>
    <dischargeable requiresTipOcclusionArea="false"/>

    <baseMaterialConfigurations title="Body" price="0" useDefaultColors="false" defaultColorIndex="0">
        <baseMaterialConfiguration name="Stock Grey" color="0.093 0.093 0.093" material="33"/>
        <baseMaterialConfiguration name="New Silver" color="SHARED_GREY2" material="27"/>
        <baseMaterialConfiguration name="Scarlet Red"  color="CASEIH_RED1" material="27"/>
        <baseMaterialConfiguration name="Pearl White"  color="STOLL_WHITE2" material="27"/>
        <baseMaterialConfiguration name="Gun Metal"  color="SHARED_GREY5" material="27"/>
        <baseMaterialConfiguration name="Blaze Orange"  color="FLIEGL_ORANGE1" material="27"/>
        <baseMaterialConfiguration name="Nitro Blue"  color="NEWHOLLAND_BLUE1" material="27"/>
        <baseMaterialConfiguration name="Deep Blue"  color="HATZENBICHLER_DARKBLUE1" material="27"/>
        <baseMaterialConfiguration name="Deer Green"  color="JOHNDEERE_GREEN1" material="27"/>
        <baseMaterialConfiguration name="Deer Yellow"  color="JOHNDEERE_YELLOW1" material="27"/>
        <baseMaterialConfiguration name="SILVER"        color="SHARED_GREY2"        material="27" price="2000"/>
        <baseMaterialConfiguration name="CHARCOAL"      color="SHARED_GREY5"        material="27" price="2000"/>
        <baseMaterialConfiguration name="LINE X"        color="0.016 0.016 0.016"   material="25" price="2000"/>
        <baseMaterialConfiguration name="BLACK CHERRY"  color="0.010 0 0 1"         material="27" price="2000"/>
        <baseMaterialConfiguration name="ICONIK BLUE"   color="FENDT_VIOLET1"       material="27" price="2000"/>
        <baseMaterialConfiguration name="TURQUOISE"     color="GOLDHOFER_GREEN1"    material="27" price="2000"/>
        <baseMaterialConfiguration name="MIDNIGHT BLUE" color="0.001 0 0.015 1"     material="27" price="2000"/>
        <baseMaterialConfiguration name="BURNT ORANGE"  color="0.5 0.08 0.0046 1"   material="27" price="2000"/>
        <baseMaterialConfiguration name="CHROME"        color="SHARED_WHITE2"       material="2" price="2500"/>
        <baseMaterialConfiguration name="GOLD"          color="KRONE_YELLOW1"       material="2" price="2500"/>
        <baseMaterialConfiguration name="BLACK CHROME"  color="SHARED_BLACK2"       material="2" price="2500"/>
        <baseMaterialConfiguration name="RED CHROME"    color="CASEIH_RED1"         material="2" price="2500"/>
        <baseMaterialConfiguration name="BLUE CHROME"   color="NEWHOLLAND_BLUE1"    material="2" price="2500"/>
        <baseMaterialConfiguration name="GREEN CHROME"  color="KRONE_GREEN1"        material="2" price="2500"/>
        <baseMaterialConfiguration name="YELLOW CHROME" color="JOHNDEERE_YELLOW1"   material="2" price="2500"/>
        <baseMaterialConfiguration name="ORANGE CHROME" color="STARA_ORANGE"        material="2" price="2500"/>
        <baseMaterialConfiguration name="STAINLESS"     color="SHARED_WHITE2"       material="3" price="2000"/>
        <baseMaterialConfiguration name="GOLD CANDY"    color="KRONE_YELLOW1"       material="33" price="2000"/>
        <baseMaterialConfiguration name="BLACK CANDY"   color="SHARED_BLACK2"       material="33" price="2000"/>
        <baseMaterialConfiguration name="RED CANDY"     color="CASEIH_RED1"         material="33" price="2000"/>
        <baseMaterialConfiguration name="BLUE CANDY"    color="NEWHOLLAND_BLUE1"    material="33" price="2000"/>
        <baseMaterialConfiguration name="GREEN CANDY"   color="KRONE_GREEN1"        material="33" price="2000"/>
        <baseMaterialConfiguration name="YELLOW CANDY"  color="JOHNDEERE_YELLOW1"   material="33" price="2000"/>
        <baseMaterialConfiguration name="ORANGE CANDY"  color="STARA_ORANGE"        material="33" price="2000"/>
        <baseMaterialConfiguration name="WHITE METALIC"     color="SHARED_WHITE2"       material="32" price="1500"/>
        <baseMaterialConfiguration name="TAN METALIC "      color="KRONE_YELLOW1"       material="32" price="1500"/>
        <baseMaterialConfiguration name="BLACK METALIC"     color="SHARED_BLACK2"       material="32" price="1500"/>
        <baseMaterialConfiguration name="RED METALIC"       color="CASEIH_RED1"         material="32" price="1500"/>
        <baseMaterialConfiguration name="BLUE METALIC"      color="NEWHOLLAND_BLUE1"    material="32" price="1500"/>
        <baseMaterialConfiguration name="GREEN METALIC"     color="KRONE_GREEN1"        material="32" price="1500"/>
        <baseMaterialConfiguration name="YELLOW METALIC"    color="JOHNDEERE_YELLOW1"   material="32" price="1500"/>
        <baseMaterialConfiguration name="ORANGE METALIC"    color="STARA_ORANGE"        material="32" price="1500"/>
        <baseMaterialConfiguration name="WHITE MATTE"   color="SHARED_WHITE2"       material="1" price="1250"/>
        <baseMaterialConfiguration name="TAN MATTE"     color="KRONE_YELLOW1"       material="1" price="1250"/>
        <baseMaterialConfiguration name="BLACK MATTE"   color="SHARED_BLACK2"       material="1" price="1250"/>
        <baseMaterialConfiguration name="RED MATTE"     color="CASEIH_RED1"         material="1" price="1250"/>
        <baseMaterialConfiguration name="BLUE MATTE"    color="NEWHOLLAND_BLUE1"    material="1" price="1250"/>
        <baseMaterialConfiguration name="GREEN MATTE"   color="KRONE_GREEN1"        material="1" price="1250"/>
        <baseMaterialConfiguration name="YELLOW MATTE"  color="JOHNDEERE_YELLOW1"   material="1" price="1250"/>
        <baseMaterialConfiguration name="ORANGE MATTE"  color="STARA_ORANGE"        material="1" price="1250"/>
        <baseMaterialConfiguration name="KRONE GREEN"       color="KRONE_GREEN1"            material="0" price="1000"/>
        <baseMaterialConfiguration name="KRONE YELLOW"      color="KRONE_YELLOW1"           material="0" price="1000"/>
        <baseMaterialConfiguration name="CLAAS"             color="0.4 0.6 0.02 1.0"        material="0" price="1000"/>
        <baseMaterialConfiguration name="CLAAS US"          color="0.800 0.443 0.008 1.0"   material="0" price="1000"/>
        <baseMaterialConfiguration name="NEWHOLLAND YELLOW" color="NEWHOLLAND_YELLOW1"      material="0" price="1000"/>
        <baseMaterialConfiguration name="BROWN"             color="SHARED_BROWN1"           material="0" price="1000"/>
        <baseMaterialConfiguration name="CYAN"              color="KOMATSU_CYAN"            material="0" price="1000"/>
        <baseMaterialConfiguration name="HUSQVARNA"         color="HUSQVARNA_ORANGE1"       material="0" price="1000"/>
        <baseMaterialConfiguration name="Black Chrome" color="SHARED_BLACK2" material="2" />
        <baseMaterialConfiguration name="Chrome" color="SHARED_WHITE2" material="2"/>
        <baseMaterialConfiguration name="Silver Metallic" color="ITRUNNER_WHITE1" material="27"/>
        <baseMaterialConfiguration name="Blue Metallic" color="FLIEGL_BLUE1" material="33" />
        <baseMaterialConfiguration name="Purple Metallic" color="LIZARD_PURPLE1" material="33" />
        <baseMaterialConfiguration name="Orange Metallic" color="FIAT_ORANGEPAINT" material="33" />
        <baseMaterialConfiguration name="Black Metallic" color="FIAT_BLACKPAINT"  material="33" />
        <material name="body_mat" shaderParameter="colorMat0"/>
        <material name="Engine" shaderParameter="colorMat0"/>
        <material name="Hitch" shaderParameter="colorMat6"/>
    </baseMaterialConfigurations>
    <designMaterialConfigurations title="Rims" price="500" useDefaultColors="false" defaultColorIndex="0">
        <designMaterialConfiguration name="Stock White" color="0.8 0.8 0.8" material="33"/>
        <designMaterialConfiguration name="New Silver" color="SHARED_GREY2" material="27"/>
        <designMaterialConfiguration name="Scarlet Red"  color="CASEIH_RED1" material="27"/>
        <designMaterialConfiguration name="Pearl White"  color="STOLL_WHITE2" material="27"/>
        <designMaterialConfiguration name="Gun Metal"  color="SHARED_GREY5" material="27"/>
        <designMaterialConfiguration name="Blaze Orange"  color="FLIEGL_ORANGE1" material="27"/>
        <designMaterialConfiguration name="Nitro Blue"  color="NEWHOLLAND_BLUE1" material="27"/>
        <designMaterialConfiguration name="Deep Blue"  color="HATZENBICHLER_DARKBLUE1" material="27"/>
        <designMaterialConfiguration name="Deer Green"  color="JOHNDEERE_GREEN1" material="27"/>
        <designMaterialConfiguration name="Deer Yellow"  color="JOHNDEERE_YELLOW1" material="27"/>
        <designMaterialConfiguration name="SILVER"        color="SHARED_GREY2"        material="27"/>
        <designMaterialConfiguration name="CHARCOAL"      color="SHARED_GREY5"        material="27"/>
        <designMaterialConfiguration name="LINE X"        color="0.016 0.016 0.016"   material="25"/>
        <designMaterialConfiguration name="BLACK CHERRY"  color="0.010 0 0 1"         material="27"/>
        <designMaterialConfiguration name="ICONIK BLUE"   color="FENDT_VIOLET1"       material="27"/>
        <designMaterialConfiguration name="TURQUOISE"     color="GOLDHOFER_GREEN1"    material="27"/>
        <designMaterialConfiguration name="MIDNIGHT BLUE" color="0.001 0 0.015 1"     material="27"/>
        <designMaterialConfiguration name="BURNT ORANGE"  color="0.5 0.08 0.0046 1"   material="27"/>
        <designMaterialConfiguration name="CHROME"        color="SHARED_WHITE2"       material="2"/>
        <designMaterialConfiguration name="GOLD"          color="KRONE_YELLOW1"       material="2"/>
        <designMaterialConfiguration name="BLACK CHROME"  color="SHARED_BLACK2"       material="2"/>
        <designMaterialConfiguration name="RED CHROME"    color="CASEIH_RED1"         material="2"/>
        <designMaterialConfiguration name="BLUE CHROME"   color="NEWHOLLAND_BLUE1"    material="2"/>
        <designMaterialConfiguration name="GREEN CHROME"  color="KRONE_GREEN1"        material="2"/>
        <designMaterialConfiguration name="YELLOW CHROME" color="JOHNDEERE_YELLOW1"   material="2"/>
        <designMaterialConfiguration name="ORANGE CHROME" color="STARA_ORANGE"        material="2"/>
        <designMaterialConfiguration name="STAINLESS"     color="SHARED_WHITE2"       material="3"/>
        <designMaterialConfiguration name="GOLD CANDY"    color="KRONE_YELLOW1"       material="33"/>
        <designMaterialConfiguration name="BLACK CANDY"   color="SHARED_BLACK2"       material="33"/>
        <designMaterialConfiguration name="RED CANDY"     color="CASEIH_RED1"         material="33"/>
        <designMaterialConfiguration name="BLUE CANDY"    color="NEWHOLLAND_BLUE1"    material="33"/>
        <designMaterialConfiguration name="GREEN CANDY"   color="KRONE_GREEN1"        material="33"/>
        <designMaterialConfiguration name="YELLOW CANDY"  color="JOHNDEERE_YELLOW1"   material="33"/>
        <designMaterialConfiguration name="ORANGE CANDY"  color="STARA_ORANGE"        material="33"/>
        <designMaterialConfiguration name="WHITE METALIC"     color="SHARED_WHITE2"       material="33"/>
        <designMaterialConfiguration name="TAN METALIC "      color="KRONE_YELLOW1"       material="33"/>
        <designMaterialConfiguration name="BLACK METALIC"     color="SHARED_BLACK2"       material="33"/>
        <designMaterialConfiguration name="RED METALIC"       color="CASEIH_RED1"         material="33"/>
        <designMaterialConfiguration name="BLUE METALIC"      color="NEWHOLLAND_BLUE1"    material="33"/>
        <designMaterialConfiguration name="GREEN METALIC"     color="KRONE_GREEN1"        material="33"/>
        <designMaterialConfiguration name="YELLOW METALIC"    color="JOHNDEERE_YELLOW1"   material="33"/>
        <designMaterialConfiguration name="ORANGE METALIC"    color="STARA_ORANGE"        material="33"/>
        <designMaterialConfiguration name="WHITE MATTE"   color="SHARED_WHITE2"       material="1"/>
        <designMaterialConfiguration name="TAN MATTE"     color="KRONE_YELLOW1"       material="1"/>
        <designMaterialConfiguration name="BLACK MATTE"   color="SHARED_BLACK2"       material="1"/>
        <designMaterialConfiguration name="RED MATTE"     color="CASEIH_RED1"         material="1"/>
        <designMaterialConfiguration name="BLUE MATTE"    color="NEWHOLLAND_BLUE1"    material="1"/>
        <designMaterialConfiguration name="GREEN MATTE"   color="KRONE_GREEN1"        material="1"/>
        <designMaterialConfiguration name="YELLOW MATTE"  color="JOHNDEERE_YELLOW1"   material="1"/>
        <designMaterialConfiguration name="ORANGE MATTE"  color="STARA_ORANGE"        material="1"/>
        <designMaterialConfiguration name="KRONE GREEN"       color="KRONE_GREEN1"            material="0"/>
        <designMaterialConfiguration name="KRONE YELLOW"      color="KRONE_YELLOW1"           material="0"/>
        <designMaterialConfiguration name="CLAAS"             color="0.4 0.6 0.02 1.0"        material="0"/>
        <designMaterialConfiguration name="CLAAS US"          color="0.800 0.443 0.008 1.0"   material="0"/>
        <designMaterialConfiguration name="NEWHOLLAND YELLOW" color="NEWHOLLAND_YELLOW1"      material="0"/>
        <designMaterialConfiguration name="BROWN"             color="SHARED_BROWN1"           material="0"/>
        <designMaterialConfiguration name="CYAN"              color="KOMATSU_CYAN"            material="0"/>
        <designMaterialConfiguration name="HUSQVARNA"         color="HUSQVARNA_ORANGE1"       material="0"/>
        <designMaterialConfiguration name="Black Chrome" color="SHARED_BLACK2" material="2" />
        <designMaterialConfiguration name="Chrome" color="SHARED_WHITE2" material="2"/>
        <designMaterialConfiguration name="Silver Metallic" color="ITRUNNER_WHITE1" material="27"/>
        <designMaterialConfiguration name="Blue Metallic" color="FLIEGL_BLUE1" material="33" />
        <designMaterialConfiguration name="Purple Metallic" color="LIZARD_PURPLE1" material="33" />
        <designMaterialConfiguration name="Orange Metallic" color="FIAT_ORANGEPAINT" material="33" />
        <designMaterialConfiguration name="Black Metallic" color="FIAT_BLACKPAINT"  material="33" />
        <material name="pickup2014Rims_mat" shaderParameter="colorMat0"/>
    </designMaterialConfigurations>

    <designMaterial2Configurations title="Tint" price="200" useDefaultColors="false" defaultColorIndex="0">
        <designMaterial2Configuration name="LINE X"        color="0.016 0.016 0.016"/>
        <designMaterial2Configuration name="Nitro Blue"  color="NEWHOLLAND_BLUE1"/>
        <designMaterial2Configuration name="New Silver" color="SHARED_GREY2"/>
        <designMaterial2Configuration name="Scarlet Red"  color="CASEIH_RED1"/>
        <designMaterial2Configuration name="Pearl White"  color="STOLL_WHITE2"/>
        <designMaterial2Configuration name="Gun Metal"  color="SHARED_GREY5"/>
        <designMaterial2Configuration name="Blaze Orange"  color="FLIEGL_ORANGE1"/>
        <designMaterial2Configuration name="Deep Blue"  color="HATZENBICHLER_DARKBLUE1"/>
        <designMaterial2Configuration name="Deer Green"  color="JOHNDEERE_GREEN1"/>
        <designMaterial2Configuration name="Deer Yellow"  color="JOHNDEERE_YELLOW1"/>
        <designMaterial2Configuration name="BLACK CHERRY"  color="0.010 0 0 1"/>
        <designMaterial2Configuration name="ICONIK BLUE"   color="FENDT_VIOLET1"/>
        <designMaterial2Configuration name="TURQUOISE"     color="GOLDHOFER_GREEN1"/>
        <designMaterial2Configuration name="MIDNIGHT BLUE" color="0.001 0 0.015 1"/>
        <designMaterial2Configuration name="BURNT ORANGE"  color="0.5 0.08 0.0046 1"/>
        <designMaterial2Configuration name="GOLD CANDY"    color="KRONE_YELLOW1"/>
        <designMaterial2Configuration name="BLACK CANDY"   color="SHARED_BLACK2"/>
        <designMaterial2Configuration name="GREEN CANDY"   color="KRONE_GREEN1"/>
        <designMaterial2Configuration name="ORANGE CANDY"  color="STARA_ORANGE"/>
        <designMaterial2Configuration name="CLAAS"             color="0.4 0.6 0.02 1.0"/>
        <designMaterial2Configuration name="CLAAS US"          color="0.800 0.443 0.008 1.0"/>
        <designMaterial2Configuration name="NEWHOLLAND YELLOW" color="NEWHOLLAND_YELLOW1"/>
        <designMaterial2Configuration name="BROWN"             color="SHARED_BROWN1"/>
        <designMaterial2Configuration name="CYAN"              color="KOMATSU_CYAN"/>
        <designMaterial2Configuration name="HUSQVARNA"         color="HUSQVARNA_ORANGE1"/>
        <designMaterial2Configuration name="Silver" color="ITRUNNER_WHITE1"/>
        <designMaterial2Configuration name="Blue" color="FLIEGL_BLUE1"/>
        <designMaterial2Configuration name="Purple" color="LIZARD_PURPLE1"/>
        <designMaterial2Configuration name="Orange" color="FIAT_ORANGEPAINT"/>
        <designMaterial2Configuration name="Black" color="FIAT_BLACKPAINT"/>
        <material name="glassin" shaderParameter="colorMat0"/>
        <material name="glassin1" shaderParameter="colorMat0"/>
        <material name="glassout1" shaderParameter="colorMat0"/>
        <material name="glassout2" shaderParameter="colorMat0"/>
    </designMaterial2Configurations>



    <designConfigurations title="Glass Tint">
        <designConfiguration name="No Tint" price="0">
            <objectChange node="0>0|15|0|2|0|1|0|0" visibilityActive="true" visibilityInactive="false"/> 
            <objectChange node="0>0|15|0|2|1|1|0|0" visibilityActive="true" visibilityInactive="false"/> 
            <objectChange node="0>0|15|0|2|3|0|1" visibilityActive="true" visibilityInactive="false"/> 
            <objectChange node="0>0|15|0|3|0|0" visibilityActive="true" visibilityInactive="false"/> 
            <objectChange node="0>0|15|0|2|0|1|0|1" visibilityActive="false" visibilityInactive="true"/> 
            <objectChange node="0>0|15|0|2|1|1|0|1" visibilityActive="false" visibilityInactive="true"/> 
            <objectChange node="0>0|15|0|2|3|0|2" visibilityActive="false" visibilityInactive="true"/> 
            <objectChange node="0>0|15|0|3|0|1" visibilityActive="false" visibilityInactive="true"/> 
        </designConfiguration>
        <designConfiguration name="Tinted" price="100">
            <objectChange node="0>0|15|0|2|0|1|0|0" visibilityActive="false" visibilityInactive="true"/> 
            <objectChange node="0>0|15|0|2|1|1|0|0" visibilityActive="false" visibilityInactive="true"/> 
            <objectChange node="0>0|15|0|2|3|0|1" visibilityActive="false" visibilityInactive="true"/> 
            <objectChange node="0>0|15|0|3|0|0" visibilityActive="false" visibilityInactive="true"/>
            <objectChange node="0>0|15|0|2|0|1|0|1" visibilityActive="true" visibilityInactive="false"/> 
            <objectChange node="0>0|15|0|2|1|1|0|1" visibilityActive="true" visibilityInactive="false"/> 
            <objectChange node="0>0|15|0|2|3|0|2" visibilityActive="true" visibilityInactive="false"/> 
            <objectChange node="0>0|15|0|3|0|1" visibilityActive="true" visibilityInactive="false"/> 
        </designConfiguration>
    </designConfigurations>

	<design2Configurations title="Front Bumper">
		<design2Configuration name="Stock" price="0" >
            <objectChange node="0>0|15|0|1|0|0" visibilityActive="true" visibilityInactive="false"/> 
            <objectChange node="0>0|1|1" visibilityActive="true" visibilityInactive="false"/> 
            <objectChange node="0>0|1|3" visibilityActive="true" visibilityInactive="false"/> 
            <objectChange node="0>0|15|0|1|0|1" visibilityActive="false" visibilityInactive="true"/> 
            <objectChange node="0>0|15|0|1|0|2" visibilityActive="false" visibilityInactive="true"/> 
            <objectChange node="0>0|15|0|1|0|3" visibilityActive="false" visibilityInactive="true"/> 
		</design2Configuration>
		<design2Configuration name="Stock + UnderWing" price="50" >
            <objectChange node="0>0|15|0|1|0|0" visibilityActive="true" visibilityInactive="false"/> 
            <objectChange node="0>0|1|1" visibilityActive="true" visibilityInactive="false"/> 
            <objectChange node="0>0|1|3" visibilityActive="true" visibilityInactive="false"/> 
            <objectChange node="0>0|15|0|1|0|1" visibilityActive="true" visibilityInactive="false"/> 
            <objectChange node="0>0|15|0|1|0|2" visibilityActive="false" visibilityInactive="true"/> 
            <objectChange node="0>0|15|0|1|0|3" visibilityActive="false" visibilityInactive="true"/> 
		</design2Configuration>
		<design2Configuration name="Bumper + Side Wings" price="100" >
            <objectChange node="0>0|15|0|1|0|0" visibilityActive="false" visibilityInactive="true"/> 
            <objectChange node="0>0|1|1" visibilityActive="false" visibilityInactive="true"/> 
            <objectChange node="0>0|1|3" visibilityActive="false" visibilityInactive="true"/> 
            <objectChange node="0>0|15|0|1|0|1" visibilityActive="false" visibilityInactive="true"/> 
            <objectChange node="0>0|15|0|1|0|2" visibilityActive="true" visibilityInactive="false"/> 
            <objectChange node="0>0|15|0|1|0|3" visibilityActive="false" visibilityInactive="true"/> 
		</design2Configuration>
		<design2Configuration name="Bumper + Double Wings" price="150" >
            <objectChange node="0>0|15|0|1|0|0" visibilityActive="false" visibilityInactive="true"/> 
            <objectChange node="0>0|1|1" visibilityActive="false" visibilityInactive="true"/> 
            <objectChange node="0>0|1|3" visibilityActive="false" visibilityInactive="true"/> 
            <objectChange node="0>0|15|0|1|0|1" visibilityActive="false" visibilityInactive="true"/> 
            <objectChange node="0>0|15|0|1|0|2" visibilityActive="false" visibilityInactive="true"/> 
            <objectChange node="0>0|15|0|1|0|3" visibilityActive="true" visibilityInactive="false"/> 
		</design2Configuration>
	</design2Configurations>
	<design3Configurations title="Rear Bumper">
		<design3Configuration name="Stock" price="0">
            <objectChange node="0>0|15|0|1|1|0" visibilityActive="true" visibilityInactive="false"/> 
            <objectChange node="0>0|15|0|1|1|1" visibilityActive="false" visibilityInactive="true"/> 
            <objectChange node="0>0|15|0|1|1|2" visibilityActive="false" visibilityInactive="true"/> 
		</design3Configuration>
		<design3Configuration name="Stock + Mudflaps" price="20">
            <objectChange node="0>0|15|0|1|1|0" visibilityActive="true" visibilityInactive="false"/> 
            <objectChange node="0>0|15|0|1|1|1" visibilityActive="true" visibilityInactive="false"/> 
            <objectChange node="0>0|15|0|1|1|2" visibilityActive="false" visibilityInactive="true"/> 
		</design3Configuration>
		<design3Configuration name="Race Bumper" price="100">
            <objectChange node="0>0|15|0|1|1|0" visibilityActive="false" visibilityInactive="true"/> 
            <objectChange node="0>0|15|0|1|1|1" visibilityActive="false" visibilityInactive="true"/> 
            <objectChange node="0>0|15|0|1|1|2" visibilityActive="true" visibilityInactive="false"/> 
		<objectChange node="0>0|15|0|4" translationActive="0.232 0.02 -1.854" translationInactive="0 0.02 -1.854"/>
        <objectChange node="0>0|5" translationActive="0.232 -1.021 -2.009" translationInactive="0 -1.021 -2.009"/>
        <objectChange node="0>0|6" translationActive="-0.206 -0.99583876 -1.90517235" translationInactive="-0.206 -0.99309802 -1.87351"/>
        <objectChange node="0>0|6" rotationActive="-22.652 0 0" rotationInactive="72.04199982 -0.00000632 180"/>
		</design3Configuration>
	</design3Configurations>
	<design4Configurations title="Body Setup">
		<design4Configuration name="Stock" price="0">
            <objectChange node="0>0|15|0|1|2|0" visibilityActive="true" visibilityInactive="false"/> 
            <objectChange node="0>0|15|0|1|2|1" visibilityActive="false" visibilityInactive="true"/> 
			
            <objectChange node="0>0|15|0|1|3|0" visibilityActive="false" visibilityInactive="true"/> 
            <objectChange node="0>0|15|0|1|4" visibilityActive="false" visibilityInactive="true"/> 
            <objectChange node="0>0|15|0|2|2|3" visibilityActive="false" visibilityInactive="true"/> 
		</design4Configuration>
		<design4Configuration name="Race Setup" price="25">
            <objectChange node="0>0|15|0|1|2|0" visibilityActive="false" visibilityInactive="true"/> 
            <objectChange node="0>0|15|0|1|2|1" visibilityActive="true" visibilityInactive="false"/> 
			
            <objectChange node="0>0|15|0|1|3|0" visibilityActive="true" visibilityInactive="false"/> 
            <objectChange node="0>0|15|0|1|4" visibilityActive="true" visibilityInactive="false"/> 
            <objectChange node="0>0|15|0|2|2|3" visibilityActive="true" visibilityInactive="false"/> 
		</design4Configuration>
	</design4Configurations>
	<design5Configurations title="Wing">
		<design5Configuration name="None" price="0">
            <objectChange node="0>0|15|0|2|3|7|0" visibilityActive="false" visibilityInactive="true"/> 
            <objectChange node="0>0|15|0|2|3|7|1" visibilityActive="false" visibilityInactive="true"/> 
            <objectChange node="0>0|15|0|2|3|7|2" visibilityActive="false" visibilityInactive="true"/> 
		</design5Configuration>
		<design5Configuration name="Wing A" price="150">
            <objectChange node="0>0|15|0|2|3|7|0" visibilityActive="true" visibilityInactive="false"/> 
            <objectChange node="0>0|15|0|2|3|7|1" visibilityActive="false" visibilityInactive="true"/> 
            <objectChange node="0>0|15|0|2|3|7|2" visibilityActive="false" visibilityInactive="true"/> 
		</design5Configuration>
		<design5Configuration name="Wing B" price="150">
            <objectChange node="0>0|15|0|2|3|7|0" visibilityActive="false" visibilityInactive="true"/> 
            <objectChange node="0>0|15|0|2|3|7|1" visibilityActive="true" visibilityInactive="false"/> 
            <objectChange node="0>0|15|0|2|3|7|2" visibilityActive="false" visibilityInactive="true"/> 
		</design5Configuration>
		<design5Configuration name="Wing C" price="150">
            <objectChange node="0>0|15|0|2|3|7|0" visibilityActive="false" visibilityInactive="true"/> 
            <objectChange node="0>0|15|0|2|3|7|1" visibilityActive="false" visibilityInactive="true"/> 
            <objectChange node="0>0|15|0|2|3|7|2" visibilityActive="true" visibilityInactive="false"/> 
		</design5Configuration>
	</design5Configurations>
	<design6Configurations title="Hood Light">
		<design6Configuration name="None" price="0">
            <objectChange node="0>0|15|0|1|5" visibilityActive="false" visibilityInactive="true"/> 
		</design6Configuration>
		<design6Configuration name="Installed" price="0">
            <objectChange node="0>0|15|0|1|5" visibilityActive="true" visibilityInactive="false"/> 
		</design6Configuration>
	</design6Configurations>






    <wearable wearDuration="480" workMultiplier="5" fieldMultiplier="2"/>
    <washable dirtDuration="90" washDuration="1" workMultiplier="3" fieldMultiplier="2"/>






    <i3dMappings>
        <i3dMapping id="pickup2014_main_component1" node="0>"/>
        <i3dMapping id="pickup2014_vis" node="0>0|15|0|0"/>
        <i3dMapping id="wheels" node="0>0|0"/>
        <i3dMapping id="axisFrontLeft" node="0>0|0|0|0"/>
        <i3dMapping id="wheelFrontLeft" node="0>0|0|0|0|0"/>
        <i3dMapping id="rim" node="0>0|0|0|0|0|0|0"/>
        <i3dMapping id="axisFrontRight" node="0>0|0|1|0"/>
        <i3dMapping id="wheelFrontRight" node="0>0|0|1|0|0"/>
        <i3dMapping id="wheelBackLeft" node="0>0|0|2|0"/>
        <i3dMapping id="axisRearLeft" node="0>0|0|2"/>
        <i3dMapping id="wheelBackRight" node="0>0|0|3|0"/>
        <i3dMapping id="axisRearRight" node="0>0|0|3"/>
        <i3dMapping id="steeringBarFrontRightRef" node="0>0|0|4"/>
        <i3dMapping id="steeringBarFrontLeftRef" node="0>0|0|5"/>
        <i3dMapping id="frontLightLow" node="0>0|1|0"/>
        <i3dMapping id="highBeamLow" node="0>0|1|1|0"/>
        <i3dMapping id="frontLightHigh" node="0>0|1|2"/>
        <i3dMapping id="highBeamHigh" node="0>0|1|3|0"/>
        <i3dMapping id="backLightsHigh1" node="0>0|15|0|2|3|1|1|0"/>
        <i3dMapping id="turnLightLeftFront" node="0>0|1|4"/>
        <i3dMapping id="turnLightLeftBack" node="0>0|15|0|2|3|1|1|1"/>
        <i3dMapping id="turnLightRightFront" node="0>0|1|5"/>
        <i3dMapping id="turnLightRightBack" node="0>0|15|0|2|3|1|1|2"/>
        <i3dMapping id="reverseLight" node="0>0|15|0|2|3|1|1|3"/>
		
        <i3dMapping id="outdoorCameraTarget" node="0>0|2|0"/>
        <i3dMapping id="outdoorCamera1" node="0>0|2|0|0"/>
        <i3dMapping id="indoorCamera1" node="0>0|2|1"/>
        <i3dMapping id="cameraRaycastNode1" node="0>0|2|2"/>
        <i3dMapping id="cameraRaycastNode2" node="0>0|2|3"/>
        <i3dMapping id="cameraRaycastNode3" node="0>0|2|4"/>
        <i3dMapping id="shadowFocusBox" node="0>0|2|5"/>
        <i3dMapping id="player_skin" node="0>0|3|0"/>
        <i3dMapping id="player_rightFoot" node="0>0|3|1"/>
        <i3dMapping id="player_leftFoot" node="0>0|3|2"/>
        <i3dMapping id="exitPoint" node="0>0|4"/>
        <i3dMapping id="trailerAttacherJointBack" node="0>0|5"/>
        <i3dMapping id="electricBack" node="0>0|6"/>
        <i3dMapping id="steeringWheel" node="0>0|7|0"/>
        <i3dMapping id="player_leftHand" node="0>0|7|0|1"/>
        <i3dMapping id="player_rightHand" node="0>0|7|0|2"/>
        <i3dMapping id="exhaustParticle" node="0>0|8|0"/>
        <i3dMapping id="gasPedal" node="0>0|9|0"/>
        <i3dMapping id="player_rightFootGas" node="0>0|9|0|0"/>
        <i3dMapping id="brakePedal" node="0>0|9|1"/>
        <i3dMapping id="player_rightFootBrake" node="0>0|9|1|0"/>


        <i3dMapping id="backDoor" node="0>0|15|0|2|3"/>
        <i3dMapping id="frontDoor" node="0>0|15|0|2|2"/>
        <i3dMapping id="leftDoor" node="0>0|15|0|2|0"/>
        <i3dMapping id="rightDoor" node="0>0|15|0|2|1"/>
        <i3dMapping id="leftWindow" node="0>0|15|0|2|0|1|0"/>
        <i3dMapping id="rightWindow" node="0>0|15|0|2|1|1|0"/>


        <i3dMapping id="needleSpeed" node="0>0|11|5|0"/>
        <i3dMapping id="needleRpm" node="0>0|11|4|0"/>
        <i3dMapping id="needleturbo" node="0>0|11|6|0"/>
        <i3dMapping id="needleTemp01" node="0>0|11|2|0"/>
        <i3dMapping id="needleTemp02" node="0>0|11|3|0"/>
        <i3dMapping id="needleFuel" node="0>0|11|0|0"/>
        <i3dMapping id="needleFuel01" node="0>0|11|1|0"/>

        <i3dMapping id="wiper01" node="0>0|12|1|0"/>
        <i3dMapping id="wiper02" node="0>0|12|0|0"/>
        <i3dMapping id="wiper03" node="0>0|15|0|2|3|1|0|0"/>
        <i3dMapping id="aiCollisionTrigger" node="0>0|13|0"/>

    </i3dMappings>
</vehicle>
