<?xml version="1.0" encoding="utf-8" standalone="no" ?>
<modDesc descVersion="67">
	<author>loki_79</author>
    <version>1.3.0.0</version>
	<title>
		<en>LumberJack</en>
		<de>Holzfäller</de>
		<fr>Bûcheron</fr>
		<ru>Дровосек</ru>
		<it>Taglialegna</it>
		<cz>Drvoštěp</cz>
	</title>

	<description>
<en><![CDATA[This mod adds some quality of life improvements to make clearing trees with a chainsaw a little bit easier, but still retains enough realism to deserve the payment for selling the wood.  The chainsaw can now grind stumps, and the 'super-strength' mode also grants the ability to completley delete trees.

Control method to toggle super strength:
- Hold down ALT key for temporary strength
- Double tap ALT key to toggle super strength on/off

Features:
- Targeting marker to identify chainsaw aim point at all times
- Easily destroy small pieces of wood, similar to removing superfical branches
- 2x faster chainsaw cutting
- 3x increased chainsaw range
- 4x increased object pick-up range (only when super strength is active)
- Cut trees anywhere on the map, even on land that cannot be purchased (e.g. the shop)
- Display mass of viewed objects in F1 menu
- Toggle 'super-strength' using ALT and increase brightness of targeting overlay to indicate when active
- Chainsaw can remove stumps (grind for 3 seconds)

Changelog:
v1.1.0.0
- Updated for compatibility with the super strength feature in "Power Tools" (by w33zl)
- Pick up distance is now increased (4x) only when super strength is active
v1.2.0.0
- Fixed an error where ghost trees were created after removing a whole tree
v1.2.1.0
- Fixed an error where objects could not be deleted in multiplayer
v1.3.0.0
- Using new "permission to cut trees" multiplayer feature in v1.6
]]>
</en>
<de><![CDATA[Dieser Mod fügt einige Verbesserungen der Lebensqualität hinzu, um das Abholzen von Bäumen mit der Kettensäge etwas einfacher zu machen, behält aber immer noch genug Realismus, um die Bezahlung für den Verkauf des Holzes zu verdienen.  Die Kettensäge kann nun Baumstümpfe schleifen, und der 'Superstärke'-Modus bietet auch die Möglichkeit, Bäume vollständig zu löschen.

Kontrollmethode zum Umschalten der Superstärke:
- ALT für temporäre Stärke gedrückt halten
- Tippe ‘ALT’ doppelt zum Ein-/Ausschalten der Superstärke

Merkmale:
- Zielmarkierung, um den Zielpunkt der Kettensäge jederzeit zu identifizieren
- Leichte Zerstörung kleiner Holzstücke, ähnlich wie beim Entfernen von superfischen Ästen
- 2x schnelleres Kettensägenschneiden
- 3x erhöhte Reichweite der Kettensäge
- 4x vergrößerte Objektaufnahme-Reichweite (nur wenn Superstärke aktiv ist)
- Bäume überall auf der Karte fällen, auch auf Land, das nicht gekauft werden kann (wie das Geschäft)
- Masse der angezeigten Objekte im F1-Menü anzeigen
- Schalten Sie die 'Superstärke' mit ALT um und erhöhen Sie die Helligkeit der Ziel-Überlagerung, um anzuzeigen, wann sie aktiv ist.
- Kettensäge kann Stümpfe entfernen (3 Sekunden schleifen)

Changelog:
v1.1.0.0
- Aktualisiert für Kompatibilität mit der Superstrength-Funktion in "Power Tools" (von w33zl)
- Die Aufnahmedistanz wird jetzt nur noch erhöht (4x), wenn Superstärke aktiv ist
v1.2.0.0
- Es wurde ein Fehler behoben, bei dem nach dem Entfernen eines ganzen Baums Geisterbäume erzeugt wurden
v1.2.1.0
- Ein Fehler wurde behoben, bei dem Objekte im Multiplayer nicht gelöscht werden konnten
v1.3.0.0
- Verwendung der neuen Multiplayer-Funktion "Erlaubnis zum Bäume fällen" in v1.6
]]>
</de>
<fr><![CDATA[Ce mod ajoute quelques améliorations de la qualité de vie pour faciliter le défrichage des arbres à la tronçonneuse, tout en conservant suffisamment de réalisme pour mériter le paiement de la vente du bois.  La tronçonneuse peut désormais broyer des souches, et le mode "super-force" permet également de supprimer complètement des arbres.

Méthode de contrôle pour faire basculer la super force :
- Maintenir la touche ALT enfoncée pour un effectif temporaire
- Double touche ALT pour activer/désactiver la super force

Caractéristiques:
- Marqueur de ciblage pour identifier le point de visée de la tronçonneuse à tout moment
- Détruire facilement de petits morceaux de bois, comme pour enlever des branches superficielles
- Coupe à la tronçonneuse 2x plus rapide
- 3x plus grande gamme de tronçonneuses
- 4x plus grande portée de ramassage des objets (uniquement lorsque la super force est active)
- Coupez des arbres n'importe où sur la carte, même sur des terrains qui ne peuvent être achetés (comme le magasin)
- Afficher la masse des objets visualisés dans le menu F1
- Basculer la 'super-force' en utilisant l'ALT et augmenter la luminosité de la couche de ciblage pour indiquer quand elle est active
- La tronçonneuse permet d'enlever les souches (broyage pendant 3 secondes)

Changelog:
v1.1.0.0
- Mis à jour pour la compatibilité avec la fonction superstrength dans "Power Tools" (par w33zl)
- La distance de ramassage n'est désormais augmentée (4x) que lorsque la super force est active
v1.2.0.0
- Correction d'une erreur où des arbres fantômes étaient créés après la suppression d'un arbre entier
v1.2.1.0
- Correction d'une erreur où les objets ne pouvaient pas être supprimés en multijoueur
v1.3.0.0
- Utilisation de la nouvelle fonctionnalité multijoueur "permission de couper les arbres" dans la v1.6
]]>
</fr>
<ru><![CDATA[Этот мод добавляет некоторые улучшения качества жизни, чтобы сделать расчистку деревьев бензопилой немного проще, но при этом сохраняет достаточно реализма, 
чтобы заслужить плату за продажу древесины. Бензопила теперь может измельчать пни, а режим «суперсилы» также даёт возможность полностью удалять деревья.

метод управления для переключения суперсилы:
- Удерживайте клавишу ALT для временного увеличения силы
- Дважды нажмите клавишу ALT, чтобы включить/выключить суперсилу

Функции:
- маркер прицеливания для постоянного определения точки прицеливания бензопилы
- легко измельчайте небольшие куски дерева, как если бы вы удаляли верхние ветки
- резка бензопилой в 2 раза быстрее
- в 3 раза увеличен радиус действия бензопилы
- в 4 раза увеличена дальность подбора предметов (только при активной суперсиле)
- рубите деревья в любом месте карты, даже на земле, которую нельзя купить (например, в магазине)
- отображение массы просматриваемых объектов в меню F1
- включение режима «сверхсильность» с помощью ALT и увеличение яркости маркера руки, чтобы указать, когда он активен
- бензопила может убирать пни (измельчать 3 секунды)

Changelog:
v1.1.0.0
- Обновлено для совместимости с функцией сверхпрочности в "Power Tools" (автор w33zl)
- Расстояние подбора теперь увеличивается (4x) только при активной суперсиле
v1.2.0.0
- Исправлена ошибка, при которой после удаления целого дерева создавались деревья-призраки
v1.2.1.0
- Исправлена ошибка, при которой объекты не могли быть удалены в мультиплеере
v1.3.0.0
- Использование новой функции мультиплеера "разрешение рубить деревья" в версии 1.6
]]>
</ru>
<it><![CDATA[Questa mod aggiunge alcuni miglioramenti alla qualità della vita per rendere un po' più facile la rimozione degli alberi con una motosega, ma conserva ancora abbastanza realismo da meritare il pagamento per la vendita del legno. La motosega ora può macinare i ceppi e la modalità "super-forza" garantisce anche la possibilità di eliminare completamente gli alberi.

Metodo di controllo per attivare la super forza:
- Tieni premuto il tasto ALT per forza temporanea
- Tocca due volte il tasto ALT per attivare/disattivare la super forza

Caratteristiche:
- Indicatore di mira per identificare il punto di mira della motosega in ogni momento
- Distruggi facilmente piccoli pezzi di legno, simile alla rimozione di rami superficiali
- Taglio della motosega 2 volte più veloce
- Gamma di motosega aumentata di 3 volte
- Raggio di raccolta degli oggetti 4 volte maggiore
- Taglia alberi ovunque sulla mappa, anche su terreni che non possono essere acquistati (es. il negozio)
- Visualizza la massa degli oggetti visualizzati nel menu F1
- Attiva o disattiva "super forza" usando ALT e aumenta la luminosità della sovrapposizione di mira per indicare quando è attiva
- La super forza è adattiva (5 volte la massa dell'oggetto tenuto)
- La motosega può rimuovere i ceppi (macinare per 3 secondi)

Changelog:
v1.1.0.0
- Aggiornato per la compatibilità con la funzione super forza in "Power Tools" (da w33zl)
- La distanza di prelievo è ora aumentata (4x) solo quando la super forza è attiva
v1.2.0.0
- Corretto un errore per cui venivano creati alberi fantasma dopo aver rimosso un intero albero
v1.2.1.0
- Corretto un errore per cui gli oggetti non potevano essere eliminati in multiplayer
v1.3.0.0
- Utilizzo della nuova funzione multigiocatore "permesso di tagliare gli alberi" in v1.6
]]>
</it>
<cz><![CDATA[Tento mod přidává některá vylepšení, aby bylo kácení stromů pomocí motorové pily o něco jednodušší, ale stále si zachovává dostatek realismu, aby sis zasloužil platbu za prodej dřeva. Řetězová pila nyní dokáže brousit pařezy a režim „super-síla“ také umožňuje úplné odstranění stromů.

Způsob ovládání pro přepínání super síly:
- Podržte klávesu ALT pro dočasnou sílu
- Dvojitým klepnutím na klávesu ALT zapnete/vypnete super sílu

Funkce:
- Zaměřovací značka k identifikaci cílového bodu motorové pily za všech okolností
- Snadno zničte malé kousky dřeva, podobně jako při odstraňování povrchových větví
- 2x rychlejší řezání motorovou pilou
- 3x zvýšený dosah řetězové pily
- 4x zvýšený dosah snímání objektu (pouze když je aktivní super síla)
- Řez stromy kdekoli na mapě, dokonce i na pozemku, který nelze koupit (např. obchod)
- Zobrazení hmotnosti prohlížených objektů v menu F1
– Přepněte „super-sílu“ pomocí ALT a zvyšte jas překryvného cílení, aby bylo indikováno, že je aktivní
- Motorová pila dokáže odstranit pařezy (brousit po dobu 3 sekund)

Seznam změn:
v1.1.0.0
- Aktualizováno pro kompatibilitu s funkcí super pevnosti v "Power Tools" (od w33zl)
- Vzdálenost vyzvednutí je nyní zvýšena (4x) pouze tehdy, když je aktivní super síla
v1.2.0.0
- Opravena chyba, kdy se po odstranění celého stromu vytvořily stromy duchů
v1.2.1.0
- Se ha corregido un error por el que no se podían eliminar objetos en el modo multijugador
v1.3.0.0
- Uso de la nueva función multijugador "permiso para cortar árboles" en la v1.6
]]>
</cz>
	</description>

	<multiplayer supported="true" />
	<iconFilename>modIcon.dds</iconFilename>
	<extraSourceFiles>
		<sourceFile filename="LumberJack.lua" />
	</extraSourceFiles>
	
	<actions>
		<action name="LUMBERJACK_STRENGTH" category="PLAYER"/>
	</actions>
	<inputBinding>
		<actionBinding action="LUMBERJACK_STRENGTH" >
			<binding device="KB_MOUSE_DEFAULT" input="KEY_lalt" />
		</actionBinding>
	</inputBinding>	
	<l10n>
		<text name="menu_TOGGLE_STRENGTH">
			<en>Super Strength</en>
			<de>Superstärke</de>
			<fr>Super Force</fr>
			<ru>Суперсила</ru>
			<it>Super Forza</it>
			<cz>Super síla</cz>
		</text>
		<text name="input_LUMBERJACK_STRENGTH">
			<en>Super Strength</en>
			<de>Superstärke</de>
			<fr>Super Force</fr>
			<ru>Суперсила</ru>
			<it>Super Forza</it>
			<cz>Super síla</cz>
		</text>
		<text name="text_MASS">
			<en>Mass</en>
			<de>Masse</de>
			<fr>Masse</fr>
			<ru>Масса</ru>
			<it>Massa</it>
			<cz>Hmotnost</cz>
		</text>
		<text name="text_KG">
			<en>kg</en>
			<de>kg</de>
			<fr>kg</fr>
			<ru>кг</ru>
			<it>Kg</it>
			<cz>kg</cz>
		</text>
	</l10n>
</modDesc>
