﻿<?xml version="1.0" encoding="utf-8" standalone="no" ?>
<vehicle type="sc200x" xmlns:xsi="http://www.w3.org/2001/XMLSchema-instance" xsi:noNamespaceSchemaLocation="../../../../../bin/shared/xml/schema/vehicle.xsd">
    <annotation>Copyright (C) GIANTS Software GmbH, All Rights Reserved.</annotation>

    <storeData>
        <name>Honda ATC 200X 83-87</name>
        <specs>
            <power>10</power>
            <maxSpeed>90</maxSpeed>
        </specs>
        <functions>
            <function>$l10n_function_car</function>
        </functions>
        <image>200x.dds</image>
        <price>4500</price>
        <lifetime>600</lifetime>
        <rotation>0</rotation>
        <brand>HONDAMOTORCYCLE</brand>
        <category>cars</category>
    </storeData>

    <base>
        <typeDesc>$l10n_typeDesc_car</typeDesc>
        <filename>200x.i3d</filename>
        <sounds filename="sounds/200x.xml"/>		
        <size width="2.5" length="5"/>
        <components count="1">
        	<component centerOfMass="0 -0.2 -0.25" solverIterationCount="30" mass="350" />
			<component centerOfMass="0 0 -0.1" solverIterationCount="30" mass="150" />
			<joint component1="1" component2="2" node="0>14|0" breakable="false"/>
		</components>
        <schemaOverlay attacherJointPosition="0 0" name="VEHICLE" />
        <mapHotspot type="CAR" />
        <steeringAxle node="1>"/>
    </base>

    <wheels>
        <wheelConfigurations>
            <wheelConfiguration name="stock" price="0">
				<wheels autoRotateBackSpeed="2.5">
                    <wheel filename="wheels/wheels.xml" configId="stockF" isLeft="true" hasParticles="true" hasTireTracks="true">
                        <physics rotSpeed="0" restLoad="0.25" repr="1>1|0|0" driveNode="1>1|0|0|0" forcePointRatio="2.2" initialCompression="20" suspTravel="0.25" spring="6" damper="6" transRatio="1" />
                    </wheel>
                    <wheel filename="wheels/wheels.xml" configId="stockF1" isLeft="false" hasParticles="false" hasTireTracks="false">
                        <physics rotSpeed="0" restLoad="0.25" repr="1>1|0|0" driveNode="1>1|0|0|3" forcePointRatio="2.2" initialCompression="20" suspTravel="0.25" spring="6" damper="6" transRatio="1" />
                    </wheel>
                    <wheel filename="wheels/wheels.xml" configId="stockR" isLeft="true" hasParticles="true" hasTireTracks="true">
                        <physics rotSpeed="0" restLoad="0.3" repr="0>1|1|0" driveNode="0>1|1|0|0" forcePointRatio="3.2" initialCompression="20" suspTravel="0.35" spring="5" damper="6" transRatio="1" />
                        <!-- additionalWheel filename="wheels/wheels.xml" configId="stockR" isLeft="false" offset="0.67" hasParticles="true" hasTireTracks="true"/ -->
                    </wheel>
                    <wheel filename="wheels/wheels.xml" configId="stockR" isLeft="false" hasParticles="true" hasTireTracks="true">
                        <physics rotSpeed="0" restLoad="0.3" repr="0>1|1|0" driveNode="0>1|1|0|0|0" forcePointRatio="3.2" initialCompression="20" suspTravel="0.35" spring="5" damper="6" transRatio="1" />
                    </wheel>
				</wheels>
		    </wheelConfiguration>
			
			<wheelConfiguration name="bearclaw" price="300">
				<wheels autoRotateBackSpeed="2.5">
                    <wheel filename="wheels/wheels.xml" configId="bearclawF" isLeft="true" hasParticles="true" hasTireTracks="true">
                        <physics rotSpeed="0" restLoad="0.25" repr="1>1|0|0" driveNode="1>1|0|0|0" forcePointRatio="2.2" initialCompression="20" suspTravel="0.25" spring="6" damper="6" transRatio="1" />
                    </wheel>
                    <wheel filename="wheels/wheels.xml" configId="bearclawF1" isLeft="false" hasParticles="false" hasTireTracks="false">
                        <physics rotSpeed="0" restLoad="0.25" repr="1>1|0|0" driveNode="1>1|0|0|3" forcePointRatio="2.2" initialCompression="20" suspTravel="0.25" spring="6" damper="6" transRatio="1" />
                    </wheel>
                    <wheel filename="wheels/wheels.xml" configId="bearclawR" isLeft="true" hasParticles="true" hasTireTracks="true">
                        <physics rotSpeed="0" restLoad="0.3" repr="0>1|1|0" driveNode="0>1|1|0|0" forcePointRatio="3.2" initialCompression="20" suspTravel="0.35" spring="5" damper="6" transRatio="1" />
                    </wheel>
                    <wheel filename="wheels/wheels.xml" configId="bearclawR" isLeft="false" hasParticles="true" hasTireTracks="true">
                        <physics rotSpeed="0" restLoad="0.3" repr="0>1|1|0" driveNode="0>1|1|0|0|0" forcePointRatio="3.2" initialCompression="20" suspTravel="0.35" spring="5" damper="6" transRatio="1" />
                    </wheel>
				</wheels>
		    </wheelConfiguration>
        
		    <wheelConfiguration name="itp" price="300">
				<wheels autoRotateBackSpeed="2.5">
                    <wheel filename="wheels/wheels.xml" configId="itpF" isLeft="true" hasParticles="true" hasTireTracks="true">
                        <physics rotSpeed="0" restLoad="0.25" repr="1>1|0|0" driveNode="1>1|0|0|0" forcePointRatio="2.2" initialCompression="20" suspTravel="0.25" spring="6" damper="6" transRatio="1" />
                    </wheel>
                    <wheel filename="wheels/wheels.xml" configId="itpF1" isLeft="false" hasParticles="false" hasTireTracks="false">
                        <physics rotSpeed="0" restLoad="0.25" repr="1>1|0|0" driveNode="1>1|0|0|3" forcePointRatio="2.2" initialCompression="20" suspTravel="0.25" spring="6" damper="6" transRatio="1" />
                    </wheel>
                    <wheel filename="wheels/wheels.xml" configId="itpR" isLeft="true" hasParticles="true" hasTireTracks="true">
                        <physics rotSpeed="0" restLoad="0.3" repr="0>1|1|0" driveNode="0>1|1|0|0" forcePointRatio="3.2" initialCompression="20" suspTravel="0.35" spring="5" damper="6" transRatio="1" />
                    </wheel>
                    <wheel filename="wheels/wheels.xml" configId="itpR" isLeft="false" hasParticles="true" hasTireTracks="true">
                        <physics rotSpeed="0" restLoad="0.3" repr="0>1|1|0" driveNode="0>1|1|0|0|0" forcePointRatio="3.2" initialCompression="20" suspTravel="0.35" spring="5" damper="6" transRatio="1" />
                    </wheel>
				</wheels>
		    </wheelConfiguration>
        
		    <wheelConfiguration name="itp 2" price="300">
				<wheels autoRotateBackSpeed="2.5">
                    <wheel filename="wheels/wheels.xml" configId="itpF" isLeft="true" hasParticles="true" hasTireTracks="true">
                        <physics rotSpeed="0" restLoad="0.25" repr="1>1|0|0" driveNode="1>1|0|0|0" forcePointRatio="2.2" initialCompression="20" suspTravel="0.25" spring="6" damper="6" transRatio="1" />
                    </wheel>
                    <wheel filename="wheels/wheels.xml" configId="itpF1" isLeft="false" hasParticles="false" hasTireTracks="false">
                        <physics rotSpeed="0" restLoad="0.25" repr="1>1|0|0" driveNode="1>1|0|0|3" forcePointRatio="2.2" initialCompression="20" suspTravel="0.25" spring="6" damper="6" transRatio="1" />
                    </wheel>
                    <wheel filename="wheels/wheels.xml" configId="itpR2" isLeft="true" hasParticles="true" hasTireTracks="true">
                        <physics rotSpeed="0" restLoad="0.3" repr="0>1|1|0" driveNode="0>1|1|0|0" forcePointRatio="3.2" initialCompression="20" suspTravel="0.35" spring="5" damper="6" transRatio="1" />
                    </wheel>
                    <wheel filename="wheels/wheels.xml" configId="itpR2" isLeft="false" hasParticles="true" hasTireTracks="true">
                        <physics rotSpeed="0" restLoad="0.3" repr="0>1|1|0" driveNode="0>1|1|0|0|0" forcePointRatio="3.2" initialCompression="20" suspTravel="0.35" spring="5" damper="6" transRatio="1" />
                    </wheel>
				</wheels>
		    </wheelConfiguration>
        
		    <wheelConfiguration name="maxxis" price="300">
				<wheels autoRotateBackSpeed="2.5">
                    <wheel filename="wheels/wheels.xml" configId="maxxisF" isLeft="true" hasParticles="true" hasTireTracks="true">
                        <physics rotSpeed="0" restLoad="0.25" repr="1>1|0|0" driveNode="1>1|0|0|0" forcePointRatio="2.2" initialCompression="20" suspTravel="0.25" spring="6" damper="6" transRatio="1" />
                    </wheel>
                    <wheel filename="wheels/wheels.xml" configId="maxxisF1" isLeft="false" hasParticles="false" hasTireTracks="false">
                        <physics rotSpeed="0" restLoad="0.25" repr="1>1|0|0" driveNode="1>1|0|0|3" forcePointRatio="2.2" initialCompression="20" suspTravel="0.25" spring="6" damper="6" transRatio="1" />
                    </wheel>
                    <wheel filename="wheels/wheels.xml" configId="maxxisR" isLeft="true" hasParticles="true" hasTireTracks="true">
                        <physics rotSpeed="0" restLoad="0.3" repr="0>1|1|0" driveNode="0>1|1|0|0" forcePointRatio="3.2" initialCompression="20" suspTravel="0.35" spring="5" damper="6" transRatio="1" />
                    </wheel>
                    <wheel filename="wheels/wheels.xml" configId="maxxisR" isLeft="false" hasParticles="true" hasTireTracks="true">
                        <physics rotSpeed="0" restLoad="0.3" repr="0>1|1|0" driveNode="0>1|1|0|0|0" forcePointRatio="3.2" initialCompression="20" suspTravel="0.35" spring="5" damper="6" transRatio="1" />
                    </wheel>
				</wheels>
		    </wheelConfiguration>
        
		</wheelConfigurations>
    
	    <ackermannSteeringConfigurations>
            <ackermannSteering rotSpeed="0" rotMax="0" rotCenter="0 0" />
        </ackermannSteeringConfigurations>

	</wheels>

	<articulatedAxis componentJointIndex="1" anchorActor="0" rotSpeed="40" rotMax="28" rotMin="-28" />

	<lights>
        <states>
            <state lightTypes="0"/>
            <state lightTypes="0 1"/>
        </states>
        
		<realLights>
            <low>
                <light node="1>2|0"  lightTypes="0"  />
                <light node="1>2|1"  lightTypes="1"  />
            </low>
            
			<high>
                <light node="1>2|0"  lightTypes="0"  />
                <light node="1>2|1"  lightTypes="1"  />
                <brakeLight node="0>2|3"/>
            </high>
        </realLights>
        
		<defaultLights>
            <defaultLight shaderNode="1>0|19" lightTypes="0 1" intensity="60" />
            <defaultLight shaderNode="0>0|13" lightTypes="0 1" intensity="30" />
        </defaultLights>
        
		<brakeLights>
            <brakeLight  shaderNode="0>0|13" intensity="60"/>
        </brakeLights>
        
	</lights>
    
    <enterable isTabbable="true">
        <enterReferenceNode node="0>"/>
        <exitPoint node="0>8"/>
        <cameras count="2">
            <camera node="0>3|0|0" rotatable="true" rotateNode="0>3|0" limit="true" useWorldXZRotation="true" rotMinX="-1.4" rotMaxX="1" transMin="3.5" transMax="40" translation="0 0 5.75" rotation="-10 180 0">
                <raycastNode node="0>3|2"/>
                <raycastNode node="0>3|3"/>
				<raycastNode node="0>3|4"/>
            </camera>
            <camera node="0>3|1" rotatable="true" limit="true" rotMinX="-1.1" rotMaxX="0.4" transMin="0" transMax="0" useMirror="false" isInside="true" positionSmoothingParameter="0"  shadowFocusBox="0>3|5"/>
        </cameras>
        <characterNode node="0>5|0|0" cameraMinDistance="1.5" spineRotation="-90 0 90">
            <target ikChain="rightFoot" targetNode="0>5|0|1"/>
            <target ikChain="leftFoot" targetNode="0>5|0|2"/>
            <target ikChain="rightArm" targetNode="1>3|0|0|1"/>
            <target ikChain="leftArm" targetNode="1>3|0|0|0"/>
        </characterNode>
	</enterable>
    
    <drivable>
    </drivable>

    <fillUnit>
        <fillUnitConfigurations>
            <fillUnitConfiguration>
                <fillUnits>
                    <fillUnit unitTextOverride="$l10n_unit_literShort" showOnHud="false" showInShop="false" fillTypes="diesel" capacity="15" />
                </fillUnits>
            </fillUnitConfiguration>
        </fillUnitConfigurations>
    </fillUnit>

    <motorized statsType="car">
        <consumerConfigurations>
            <consumerConfiguration>
                <consumer fillUnitIndex="1" usage="4" fillType="diesel"/>
            </consumerConfiguration>
        </consumerConfigurations>
		
        <differentialConfigurations>
            <differentialConfiguration>
                <differentials>
                    <differential torqueRatio="0.5" maxSpeedRatio="1.8" wheelIndex1="3" wheelIndex2="4" /> <!-- back left-right -->
                </differentials>
            </differentialConfiguration>
        </differentialConfigurations>

        <motorConfigurations>
            <motorConfiguration name="200X" hp="10" price="0">
                <motor torqueScale="40.4" minRpm="1000" maxRpm="7000" maxForwardSpeed="95" maxBackwardSpeed="3" brakeForce="0.6" lowBrakeForceScale="0.15" dampingRateScale="7.5" rotInertia="0.01" >
                    <torque rpm="1000" torque="0.9"/>
                    <torque rpm="2400" torque="3.5"/>
                    <torque rpm="3480" torque="5.5"/>
                    <torque rpm="4560" torque="6.75"/>
                    <torque rpm="5280" torque="10.63"/>
                    <torque rpm="6000" torque="12.2"/>
                    <torque rpm="7000" torque="15.2"/>
                </motor>
                <transmission autoGearChangeTime="0.3" gearChangeTime="0.3" name="$l10n_info_transmission_manual" startGearThreshold="0.05">
                    <directionChange useGear="true" useGroup="false" changeTime="0.5"/>
                    <backwardGear maxSpeed="3"  name="R"/>
                    <forwardGear maxSpeed="30" />
                    <forwardGear maxSpeed="45" />
                    <forwardGear maxSpeed="60" />
                    <forwardGear maxSpeed="80" />
                    <forwardGear maxSpeed="100" />
                </transmission>
            </motorConfiguration>
        </motorConfigurations>
        
		<exhaustEffects>
            <exhaustEffect node="0>7|0" filename="$data/effects/exhaust/exhaust.i3d" minRpmColor="0.9 0.9 0.9 0.05" maxRpmColor="0.9 0.9 0.9 0.1" minRpmScale="0.05" maxRpmScale="0.1" />
        </exhaustEffects>
        <motorStartDuration>1200</motorStartDuration>
    </motorized>

    <suspensions>
        <suspension useCharacterTorso="true" weight="90" minRotation="0 -5 -5" maxRotation="0 5 5" suspensionParametersY="7 1" suspensionParametersZ="7 1"/>
    </suspensions>

    <cylindered>
        <movingParts>
		    <movingPart node="0>1|1|0|0|3" referencePoint="0>0|52" referenceFrame="0>0|52" isActiveDirty="true" scaleZ="true"  maxUpdateDistance="50">
                <dependentPart node="0>1|1|0|0|3|0|0|0" />
				<dependentPart node="0>1|1|0|0|3|0|0|1" />
				<dependentPart node="0>1|1|0|0|3|0|0|5" />
			</movingPart>
            <movingPart node="0>1|1|0|0|3|0|0|0" referencePoint="0>0|48" referenceFrame="0>0|48" isActiveDirty="true" scaleZ="true" maxUpdateDistance="50"/>
            <movingPart node="0>1|1|0|0|3|0|0|1" referencePoint="0>0|18" referenceFrame="0>0|18" isActiveDirty="true" scaleZ="true" maxUpdateDistance="50"/>
            <movingPart node="0>1|1|0|0|3|0|0|5" referencePoint="0>0|16" referenceFrame="0>0|16" isActiveDirty="true" scaleZ="true" maxUpdateDistance="50"/>
            <movingPart node="1>1|0|0|2" referencePoint="1>0|8" referenceFrame="1>0|8" isActiveDirty="true" scaleZ="false"  maxUpdateDistance="50">
                <dependentPart node="1>1|0|0|2|0|0" />
				<dependentPart node="1>1|0|0|2|0|1" />
			</movingPart>
            <movingPart node="1>1|0|0|2|0|0" referencePoint="1>0|7" referenceFrame="1>0|7" isActiveDirty="true" scaleZ="true" maxUpdateDistance="50"/>
            <movingPart node="1>1|0|0|2|0|1" referencePoint="1>0|22" referenceFrame="1>0|22" isActiveDirty="true" scaleZ="true" maxUpdateDistance="50"/>
        </movingParts>
	</cylindered>

    <ai>
        <agent width="1.8" length="5.4" height="1.85" lengthOffset="1.22" frontOffset="3.08" />
        <collisionTrigger node="0>9|0" width="2.3" height="2.2"/>
    </ai>

    <baseMaterial>
        <material name="paint" baseNode="0>0|4">
            <shaderParameter name="colorMat0" value="0.8 0 0" />
            <shaderParameter name="colorMat1" value="0.8 0 0"/>
            <shaderParameter name="colorMat2" value="0.8 0 0"/>
            <shaderParameter name="colorMat3" value="1 1 1"/>
        </material>
        <material name="rubbercolor" baseNode="0>0|49">
            <shaderParameter name="colorMat0" value="0 0 0.8"/>
            <shaderParameter name="colorMat1" value="0 0 0.8"/>
        </material>
        <material name="forkcolor" baseNode="1>1|0|0|2">
            <shaderParameter name="colorMat0" value="1 1 1"/>
        </material>
    </baseMaterial>
	
	<baseMaterialConfigurations price="0" useDefaultColors="false"  defaultColorIndex="32">
		<baseMaterialConfiguration name="83-84" color="0.8 0 0" materialId="32" price="0" >
            <material name="paint" shaderParameter="colorMat0" color="0.8 0 0" materialId="32"/>
            <material name="paint" shaderParameter="colorMat1" color="0.8 0 0" materialId="32"/>
            <material name="paint" shaderParameter="colorMat2" color="0.8 0 0" materialId="32"/>
            <material name="paint" shaderParameter="colorMat3" color="1 1 1" materialId="32"/>
            <material name="rubbercolor" shaderParameter="colorMat0" color="0 0 0" materialId="5"/>
            <material name="rubbercolor" shaderParameter="colorMat1" color="0 0 0" materialId="25"/>
            <material name="forkcolor" shaderParameter="colorMat0" color="0 0 0" materialId="8"/>
            <objectChange node="0>0|7" visibilityActive="true" />
        </baseMaterialConfiguration>
    	<baseMaterialConfiguration name="85-87" color="0 0 0.8" materialId="32" price="0" >
            <material name="paint" shaderParameter="colorMat0" color="0.8 0 0" materialId="32"/>
            <material name="paint" shaderParameter="colorMat1" color="0.8 0 0" materialId="32"/>
            <material name="paint" shaderParameter="colorMat2" color="0.8 0 0" materialId="32"/>
            <material name="paint" shaderParameter="colorMat3" color="1 1 1" materialId="32"/>
            <material name="rubbercolor" shaderParameter="colorMat0" color="0 0 0.8" materialId="5"/>
            <material name="rubbercolor" shaderParameter="colorMat1" color="0 0 0.8" materialId="25"/>
            <material name="forkcolor" shaderParameter="colorMat0" color="1 1 1" materialId="8"/>
            <objectChange node="0>0|6" visibilityActive="true" />
        </baseMaterialConfiguration>
    	<baseMaterialConfiguration name="85-87 2" color="1 1 1" materialId="32" price="0" >
            <material name="paint" shaderParameter="colorMat0" color="1 1 1" materialId="32"/>
            <material name="paint" shaderParameter="colorMat1" color="0.8 0 0" materialId="32"/>
            <material name="paint" shaderParameter="colorMat2" color="0.8 0 0" materialId="32"/>
            <material name="paint" shaderParameter="colorMat3" color="1 1 1" materialId="32"/>
            <material name="rubbercolor" shaderParameter="colorMat0" color="0 0 0.8" materialId="5"/>
            <material name="rubbercolor" shaderParameter="colorMat1" color="0 0 0.8" materialId="25"/>
            <material name="forkcolor" shaderParameter="colorMat0" color="1 1 1" materialId="8"/>
            <objectChange node="0>0|8" visibilityActive="true" />
        </baseMaterialConfiguration>
    </baseMaterialConfigurations>
	
	<rimColorConfigurations useDefaultColors="false" price="0" defaultColorIndex="27">
		<rimColorConfiguration name="Dark grey"     color="0.08 0.08 0.08"		material="32" price="0"/>
		<rimColorConfiguration name="Red" 		    color="0.8 0 0"		        material="32" price="0"/>
		<rimColorConfiguration name="Blue" 		    color="0 0 0.8"		        material="32" price="0"/>
		<rimColorConfiguration name="White" 		color="1 1 1"		        material="32" price="0"/>
	    <rimColorConfiguration name="CHROME" 		color="SHARED_WHITE2"		material="2" price="0"/>
    </rimColorConfigurations>
	
	<tensionBeltObject>
        <meshNodes>
            <meshNode node="0>10|0"/>
            <meshNode node="0>10|1"/>
            <meshNode node="0>10|2"/>
        </meshNodes>
    </tensionBeltObject>

    <foliageBending>
        <bendingNode minX="-0.187" maxX="0.187" minZ="0.21" maxZ="-0.25" yOffset="0.19"  />
        <bendingNode minX="-0.1"   maxX="0.1"   minZ="0.96" maxZ="0.37"  yOffset="0"     />
        <bendingNode minX="-0.533" maxX="0.533" minZ="-0.26" maxZ="-0.8" yOffset="0"     />
	</foliageBending>

</vehicle>
