﻿<?xml version="1.0" encoding="utf-8" standalone="no" ?>
<modDesc descVersion="64">
    <author>SebCroteau</author>
    <version>1.0.0.0</version>
    <iconFilename>200x.dds</iconFilename>
    <storeItems>
        <storeItem xmlFilename="200x.xml"/>
    </storeItems>

    <multiplayer supported="true"/>

    <vehicleTypes>
        <type name="sc200x" parent="carFillable" className="Vehicle" filename="$dataS/scripts/vehicles/Vehicle.lua"/>
    </vehicleTypes>
    
    <title>
        <en>1983-87 Honda ATC 200x</en>
        <fr>1983-87 Honda ATC 200x</fr>
        <de>1983-87 Honda ATC 200x</de>
    </title>
    <description>
        <en>1983-87 Honda ATC 200x</en>
        <fr>1983-87 Honda ATC 200x</fr>
        <de>1983-87 Honda ATC 200x</de>
    </description>
	<brands>
        <brand name="HONDAMOTORCYCLE" title="HONDAMOTORCYCLE" image="brand_HONDAMOTORCYCLE.dds" />
    </brands>
	
</modDesc>
