<?xml version="1.0" encoding="utf-8" standalone="no" ?>
<sounds xmlns:xsi="http://www.w3.org/2001/XMLSchema-instance" xsi:noNamespaceSchemaLocation="../../../../../shared/xml/schema/vehicle_sounds.xsd">
    <motorized>
        <sounds>
            <motorStart   file="sounds/start.ogg" volumeScale="3.1" >
                <volume indoor="1.35" outdoor="1.0" />
            </motorStart>
            <motorStop   file="sounds/stop.ogg" volumeScale="3.5" >
                <volume indoor="1.35" outdoor="1.0" />
            </motorStop>
            <motor   file="sounds/idle.ogg" volumeScale="3.3" >
                <volume indoor="1.35" outdoor="1.0" >
                    <modifier type="MOTOR_RPM" value="0.00" modifiedValue="1.00" />
                    <modifier type="MOTOR_RPM" value="0.80" modifiedValue="0.00" />
                </volume>
                <pitch indoor="1.0" outdoor="1.0" >
                    <modifier type="MOTOR_RPM" value="0.00" modifiedValue="1.00" />
                    <modifier type="MOTOR_RPM" value="0.75" modifiedValue="2.00" />
                </pitch>
            </motor>
            <motor  file="sounds/run.ogg" volumeScale="6.0">
                <volume indoor="1.35" outdoor="1.0" >
                    <modifier type="MOTOR_RPM" value="0.00" modifiedValue="0.00" />
                    <modifier type="MOTOR_RPM" value="0.80" modifiedValue="1.00" />
                </volume>
                <pitch indoor="1.0" outdoor="1.0" >
                    <modifier type="MOTOR_RPM" value="0.25" modifiedValue="0.75" />
                    <modifier type="MOTOR_RPM" value="1.00" modifiedValue="1.15" />
                </pitch>
            </motor>
            <gearLeverStart template="gearDisengaged"/>
            <gearLeverEnd template="gearEngaged"/>
        </sounds>
    </motorized>

    <lights>
        <sounds>
            <toggleLights template="SWITCH_01"  />
        </sounds>
    </lights>

    <drivable>
        <sounds>
            <waterSplash template="WATER_SPLASH_01" />
        </sounds>
    </drivable>

</sounds>


