<?xml version="1.0" encoding="utf-8" standalone="no" ?>
<vehicle type="carFillable">
    <annotation>Copyright (C) GIANTS Software GmbH, All Rights Reserved.</annotation>

    <storeData>
        <name>Citroën C15</name>
        <specs>
            <power>60</power>
            <maxSpeed>80</maxSpeed>
        </specs>
        <functions>
            <function>$l10n_function_car</function>
        </functions>
        <image>store.dds</image>
        <price>5000</price>
        <lifetime>600</lifetime>
        <rotation>0</rotation>
        <brand>CITROEN</brand>
        <category>cars</category>
    </storeData>

    <base>
	    <sounds filename="$data/vehicles/lizard/pickup1986/sounds/pickup1986.xml"/>
        <typeDesc>$l10n_typeDesc_car</typeDesc>
        <filename>C15.i3d</filename>
        <size width="2.5" length="7.5"/>
        <components count="1">
            <component centerOfMass="0 0.5 -0.35" solverIterationCount="10" mass="4200" />
        </components>
        <schemaOverlay attacherJointPosition="0 0" name="CAR" />
        <mapHotspot type="CAR" />
    </base>

	<vehicleTypeConfigurations>
        <vehicleTypeConfiguration name="Sans" price="0" vehicleType="carFillable">
            <objectChange node="0>10|6" visibilityActive="false" />
			<objectChange node="0>10|5" visibilityActive="false" />
        </vehicleTypeConfiguration>        
        <vehicleTypeConfiguration name="Avec" price="0" vehicleType="carFillable">
            <objectChange node="0>10|6" visibilityActive="true"/>
			<objectChange node="0>10|5" visibilityActive="true" />
        </vehicleTypeConfiguration>
    </vehicleTypeConfigurations>

    <wheels>
        <wheelConfigurations>
             <wheelConfiguration name="$l10n_configuration_valueDefault" price="0">
                <wheels autoRotateBackSpeed="2.5">
                    <wheel hasParticles="true" hasTireTracks="true">
                        <physics rotSpeed="1" restLoad="0.5" repr="0>0"  driveNode="0>0"  radius="0.42" width="0.27" forcePointRatio="0.5" initialCompression="25" suspTravel="0.13" spring="14" damper="3" frictionScale="2.5" />
                        <tire tireTrackAtlasIndex="1" isCareWheel="false" />
                    </wheel>
                    <wheel hasParticles="true" hasTireTracks="true">
                        <physics rotSpeed="1" restLoad="0.5" repr="0>1" driveNode="0>1" radius="0.42" width="0.27" forcePointRatio="0.5" initialCompression="25" suspTravel="0.13" spring="14" damper="3" frictionScale="2.5" />
                        <tire tireTrackAtlasIndex="1" isCareWheel="false" />
                    </wheel>
                    <wheel hasParticles="true" hasTireTracks="true">
                        <physics rotSpeed="0" restLoad="0.7" repr="0>2"  radius="0.42" width="0.27" forcePointRatio="0.5" initialCompression="25" suspTravel="0.14" spring="19" damper="3" frictionScale="3" />
                        <tire tireTrackAtlasIndex="1" isCareWheel="false" />
                    </wheel>
                    <wheel hasParticles="true" hasTireTracks="true">
                        <physics rotSpeed="0" restLoad="0.7" repr="0>3" radius="0.42" width="0.27" forcePointRatio="0.5" initialCompression="25" suspTravel="0.14" spring="19" damper="3" frictionScale="3" />
                        <tire tireTrackAtlasIndex="1" isCareWheel="false" />
                    </wheel>
                </wheels>
            </wheelConfiguration>
        </wheelConfigurations>

		<ackermannSteeringConfigurations>
            <ackermannSteering rotSpeed="45" rotMax="45" rotCenterWheel1="3" rotCenterWheel2="4" />
        </ackermannSteeringConfigurations>
    </wheels>

	<lights>
        <states>
            <state lightTypes="0" />
            <state lightTypes="0 1" />
            <state lightTypes="0 1 2" />
        </states>

        <realLights>
            <low>
                <light node="0>21|1|0"       lightTypes="0" excludedLightTypes="2 3" />
                <light node="0>21|2|2"    lightTypes="1"/>
                <light node="0>21|2|0"   lightTypes="2"/>
                <light node="0>21|1|1"         lightTypes="3" />
            </low>
            <high>
                <light node="0>21|1|2"        lightTypes="0" excludedLightTypes="2 3" />
                <light node="0>21|2|3"    lightTypes="1"/>
                <light node="0>21|2|1"   lightTypes="2"/>
                <light node="0>21|1|3"          lightTypes="3"/>
                <light node="0>21|3|0"       lightTypes="0"/>
                <brakeLight node="0>21|3|0" />
                <turnLightLeft node="0>21|4|0" />
                <turnLightRight node="0>21|4|1" />
            </high>
        </realLights>

        <defaultLights>
            
        </defaultLights>

        <turnLights>
         
        </turnLights>

        <brakeLights>
          
        </brakeLights>

        <sounds>
            <switchLight template="SWITCH_01" linkNode="0>" />
            <turnLight template="SWITCH_TURNLIGHT" linkNode="0>" />
        </sounds>
    </lights>
	
	<licensePlates defaultPlacement="BOTH">
        <licensePlate node="0>10|7" position="FRONT" preferedType="ELONGATED" placementArea="0.10 0.22 0.10 0.22"/>
        <licensePlate node="0>11|2"  position="BACK"  preferedType="ELONGATED" placementArea="0.10 0.22 0.10 0.22"/>
    </licensePlates>
	
    <enterable isTabbable="true" >
        <enterReferenceNode node="0>"/>
        <exitPoint node="0>13"/>

        <cameras count="2">
            <camera node="0>4|0|0" rotatable="true" rotateNode="0>4|0" limit="true" useWorldXZRotation="true" rotMinX="-1.4" rotMaxX="1" transMin="4" transMax="20" translation="0 0 5.5" rotation="-17.5 180 0">
                <raycastNode node="0>4|3"/>
                <raycastNode node="0>4|4"/>
            </camera>
            <camera node="0>4|1" rotatable="true" limit="true" rotMinX="-1.1" rotMaxX="0.4" transMin="0" transMax="0" useMirror="true" isInside="true" positionSmoothingParameter="0"  shadowFocusBox="0>4|2"/>
        </cameras>

        <mirrors>
            
        </mirrors>
    </enterable>
	
	<animations>
        <animation name="doorBack">
            <part node="0>11" startTime="0" endTime="1" startRot="0 0 0" endRot="0 -90 0"/>
        </animation>
    </animations>

    <foldable>
        <foldingConfigurations>
            <foldingConfiguration>
                <foldingParts requiresPower="false">
                    <foldingPart animationName="doorBack" speedScale="1.3"/>
                </foldingParts>
            </foldingConfiguration>
        </foldingConfigurations>
    </foldable>
	
	<cylindered>
        <movingTools>
            <movingTool node="0>11" playSound="true"/>
        </movingTools>
    </cylindered>

    <drivable>
        <sounds>
            <waterSplash template="WATER_SPLASH_01" />
        </sounds>
        <steeringWheel node="0>5|0" indoorRotation="270" outdoorRotation="70" />
    </drivable>

	<fillUnit>
        <fillUnitConfigurations>
            <fillUnitConfiguration>
                <fillUnits>
                    <fillUnit unitTextOverride="$l10n_unit_literShort" showOnHud="false" showInShop="false" fillTypes="diesel" capacity="120" >
                        <dashboard displayType="ROT" valueType="fillLevel" node="0>17|1" minRot="120" maxRot="-5" rotAxis="3" doInterpolation="true" interpolationSpeed="0.3" groups="MOTOR_ACTIVE"/>
                    </fillUnit>
                </fillUnits>
            </fillUnitConfiguration>
        </fillUnitConfigurations>
    </fillUnit>
	
	<motorized statsType="car">
        <consumerConfigurations>
            <consumerConfiguration>
                <consumer fillUnitIndex="1" usage="30" fillType="diesel" /> <!-- usage is per hour at max load and max rpm -->
            </consumerConfiguration>
        </consumerConfigurations>

        <differentialConfigurations>
            <differentialConfiguration>
                <differentials>
                    <differential torqueRatio="0.5" maxSpeedRatio="1.4" wheelIndex1="1" wheelIndex2="2" /> <!-- front left-right -->
                    <differential torqueRatio="0.5" maxSpeedRatio="1.6" wheelIndex1="3" wheelIndex2="4" /> <!-- back left-right -->
                    <differential torqueRatio="0.5" maxSpeedRatio="1.5" differentialIndex1="1" differentialIndex2="2" /> <!-- front-back -->
                </differentials>
            </differentialConfiguration>
        </differentialConfigurations>

        <motorConfigurations>
           <motorConfiguration name="C15" hp="60">
                <motor torqueScale="0.4" minRpm="1000" maxRpm="6000" maxForwardSpeed="80" maxBackwardSpeed="20" brakeForce="2.2" lowBrakeForceScale="0.22" dampingRateScale="0.15">
                    <torque rpm="1000" torque="0.9"/>
                    <torque rpm="2400" torque="1"/>
                    <torque rpm="3480" torque="1"/>
                    <torque rpm="4560" torque="0.75"/>
                    <torque rpm="5280" torque="0.63"/>
                    <torque rpm="6000" torque="0.3"/>
                </motor>
                <transmission autoGearChangeTime="1" gearChangeTime="0.4" name="$l10n_info_transmission_manual" axleRatio="25" startGearThreshold="0.35">
                    <directionChange useGear="true"/>
                    <backwardGear gearRatio="4.066" name="R"/>
                    <forwardGear gearRatio="4.784"/>
                    <forwardGear gearRatio="2.423"/>
                    <forwardGear gearRatio="1.443"/>
                    <forwardGear gearRatio="1.000"/>
                    <forwardGear gearRatio="0.826"/>
                </transmission>
            </motorConfiguration>
        </motorConfigurations>

        <exhaustEffects>
            <exhaustEffect node="0>9" filename="$data/effects/exhaust/exhaust.i3d" minRpmColor="0.9 0.9 0.9 0.1" maxRpmColor="0.9 0.9 0.9 0.4" minRpmScale="0.02" maxRpmScale="0.1" />
        </exhaustEffects>

        <motorStartDuration>4300</motorStartDuration>

    </motorized>

    <cylindered>
        <movingTools>
            <movingTool node="0>10|5|0" playSound="true"/>
        </movingTools>
    </cylindered>

    <ai>
        <collisionTrigger node="0>12" />
    </ai>

    <honk>
        <sound template="HONK_JD8400R"  />
    </honk>

    <foliageBending>
        <bendingNode minX="-1.15" maxX="1.15" minZ="-3" maxZ="3" yOffset="0.3" />
    </foliageBending>
	
	<tensionBelts>
        <tensionBeltsConfigurations>
            <tensionBeltsConfiguration>
                <tensionBelts linkNode="0>22|1" jointNode="0>" width="0.075" maxEdgeLength="0.1" geometryBias="0.01" ratchetPosition="0.2" defaultOffset="0.1" defaultOffsetSide="0.1" defaultHeight="4" activationTrigger="0>22|1|3">
                    <tensionBelt startNode="0>22|1|0" endNode="0>22|1|0|0"/>
					<tensionBelt startNode="0>22|1|1" endNode="0>22|1|1|0"/>
					<tensionBelt startNode="0>22|1|2" endNode="0>22|1|2|0"/>
                </tensionBelts>
            </tensionBeltsConfiguration>
        </tensionBeltsConfigurations>
    </tensionBelts>	
 
    <wearable wearDuration="480" workMultiplier="5" fieldMultiplier="2"/>
    <washable dirtDuration="90" washDuration="1" workMultiplier="3" fieldMultiplier="2"/>
</vehicle>





   

       




        

    

   