<?xml version="1.0" encoding="utf-8" standalone="no"?>
<modDesc descVersion="63">
    <author>Th3_Al3xi5, Alexis_Dtr</author>
    <version>1.0.0.0</version>
    <title>
        <en>Citroën C15</en>
    </title>
    <description>
        <en>Citroën C15
		
			Characteristics :
			- Price: €5,000
			- Max speed: 80Km/h
			- configuration of a citroën logo
			- Openable rear door
			- Udim
			- Interior and roof straps

			(Some Warning nothing serious and not the best 3d with some problems)
		</en>
		<fr>Citroën C15

			Les caractéristiques :
			- Prix : 5,000 €
			- Vitesse max: 80Km/h
			- configuration d'un logo citroën
			- Porte Arrière Ouvrable 
			- Udim 
			- Sangles Intérieur et sur le Toit

			( Quelques Warning rien de grave et pas la meilleur 3d avec quelques soucis )
		</fr>
    </description>
    <iconFilename>icon.dds</iconFilename>
    <multiplayer supported="true"/>

    <storeItems>
        <storeItem rootNode="vehicle" xmlFilename="C15.xml"/>
    </storeItems>
	
    <brands>
        <brand name="CITROEN" title="Citroën" image="brand.dds"/>
    </brands>	
	
	<vehicleTypes>
        <type name="carFillable" className="Vehicle" filename="$dataS/scripts/vehicles/Vehicle.lua">

        <specialization name="tensionBelts" />

        </type>
    </vehicleTypes>	
	
</modDesc>
