﻿<?xml version="1.0" encoding="utf-8" standalone="no" ?>
<vehicle type="SCcreeper">
    <annotation>Copyright (C) GIANTS Software GmbH, All Rights Reserved.</annotation>
    <storeData>
        <name>
            <en>car creeper</en>
            <fr>car creeper</fr>
            <de>car creeper</de>
        </name>
        <specs>
            <power>1</power>
        </specs>
        <functions>
            <function>$l10n_function_car</function>

        </functions>
        <image>carcreeper.dds</image>
        <price>35</price>
        <lifetime>6000</lifetime>
        <rotation>0</rotation>
        <brand>LIZARD</brand>
        <category>cars</category>
    </storeData>
    
	<base>
        <typeDesc>$l10n_typeDesc_car</typeDesc>
        <filename>garage_bed.i3d</filename>
        <sounds filename="sounds/crapyourpants.xml"/>		
        <size width="1" length="2" height="1" lengthOffset="0"/>
        <components>
            <component centerOfMass="0 0.3 0" solverIterationCount="20" mass="1200" />
        </components>
        <schemaOverlay attacherJointPosition="0 0" name="CAR" />
        <mapHotspot type="CAR" />
    </base>
    
	<wheels>
        <wheelConfigurations>
		    <wheelConfiguration name="stock" price="0">
				<wheels autoRotateBackSpeed="2.5">
                    <wheel isLeft="true" hasParticles="true" hasTireTracks="true">
                        <physics rotSpeed="1" restLoad="0.5" repr="0>1|0|0" driveNode="0>1|0|0|0" radius="0.1" width="0.05" forcePointRatio="2.65" initialCompression="10" suspTravel="0.03" spring="30" damper="20" frictionScale="5.5" />
                        <tire tireTrackAtlasIndex="1" isCareWheel="false" />
                    </wheel>
                    <wheel isLeft="false" hasParticles="true" hasTireTracks="true">
                        <physics rotSpeed="1" restLoad="0.5" repr="0>1|0|1" driveNode="0>1|0|1|0" radius="0.1" width="0.05" forcePointRatio="2.65" initialCompression="10" suspTravel="0.03" spring="30" damper="20" frictionScale="5.5" />
                        <tire tireTrackAtlasIndex="1" isCareWheel="false" />
                    </wheel>
                    <wheel isLeft="true" hasParticles="true" hasTireTracks="true">
                        <physics rotSpeed="1" restLoad="0.5" repr="0>1|1|0" driveNode="0>1|1|0|0" radius="0.1" width="0.05" forcePointRatio="2.65" initialCompression="10" suspTravel="0.03" spring="30" damper="20" frictionScale="5.5" />
                        <tire tireTrackAtlasIndex="1" isCareWheel="false" />
                    </wheel>
                    <wheel isLeft="false" hasParticles="true" hasTireTracks="true">
                        <physics rotSpeed="1" restLoad="0.5" repr="0>1|1|1" driveNode="0>1|1|1|0" radius="0.1" width="0.05" forcePointRatio="2.65" initialCompression="10" suspTravel="0.03" spring="30" damper="20" frictionScale="5.5" />
                        <tire tireTrackAtlasIndex="1" isCareWheel="false" />
                    </wheel>
				</wheels>
			</wheelConfiguration>
        </wheelConfigurations>
        
		<ackermannSteeringConfigurations>
            <ackermannSteering rotSpeed="37" rotMax="90" rotCenter="0 0"/>
        </ackermannSteeringConfigurations>
    </wheels>
    
	<crabSteering>
        <steeringMode name="action_steeringModeAllWheel">
            <wheel index="1" offset="0"/>
            <wheel index="2" offset="0"/>
            <wheel index="3" offset="0"/>
            <wheel index="4" offset="0"/>
        </steeringMode>
        <steeringMode name="action_steeringModeFrontWheel">
            <wheel index="1" offset="0" locked="false"/>
            <wheel index="2" offset="0" locked="false"/>
            <wheel index="3" offset="0" locked="true"/>
            <wheel index="4" offset="0" locked="true"/>
        </steeringMode>
        <steeringMode name="action_steeringModeCrabLeft">
            <wheel index="1" offset="90"/>
            <wheel index="2" offset="90"/>
            <wheel index="3" offset="90"/>
            <wheel index="4" offset="90"/>
        </steeringMode>
        <steeringMode name="action_steeringModeCrabRight">
            <wheel index="1" offset="-90"/>
            <wheel index="2" offset="-90"/>
            <wheel index="3" offset="-90"/>
            <wheel index="4" offset="-90"/>
        </steeringMode>
    </crabSteering>

	<lights>
        <states>
            <state lightTypes="0"/>
        </states>
        
		<realLights>
            <low>
                <light node="0>2|0"  lightTypes="0"/>
            </low>
			<high>
                <light node="0>2|0"  lightTypes="0"/>
            </high>
        </realLights>
        
	</lights>
    
	<enterable isTabbable="true">
        <enterReferenceNode node="0>"/>
        <exitPoint node="0>8"/>
        <cameras count="2">
            <camera node="0>3|0|0" rotatable="true" rotateNode="0>3|0" limit="true" useWorldXZRotation="true" rotMinX="-1.4" rotMaxX="1" transMin="3.5" transMax="40" translation="0 0 5.75" rotation="-10 180 0">
                <raycastNode node="0>3|2"/>
                <raycastNode node="0>3|3"/>
				<raycastNode node="0>3|4"/>
            </camera>
            <camera node="0>3|1|0" rotatable="true" limit="true" rotMinX="-1.1" useWorldXZRotation="true" rotMaxX="0.4" transMin="0" transMax="0" useMirror="false" isInside="true" positionSmoothingParameter="0"  shadowFocusBox="0>3|5"/>
        </cameras>
        <characterNode node="0>5|0|0" cameraMinDistance="1.5" spineRotation="-90 0 90">
            <target ikChain="rightFoot" targetNode="0>5|0|1"/>
            <target ikChain="leftFoot" targetNode="0>5|0|2"/>
            <target ikChain="rightArm" targetNode="0>4|0|0|1"/>
            <target ikChain="leftArm" targetNode="0>4|0|0|0"/>
        </characterNode>
	</enterable>
    <motorized statsType="car">
        <differentialConfigurations>
            <differentialConfiguration>
                <differentials>
                    <differential torqueRatio="0.5" maxSpeedRatio="1.8" wheelIndex1="1" wheelIndex2="2" /> <!-- front left-right -->
                    <differential torqueRatio="0.5" maxSpeedRatio="1.8" wheelIndex1="3" wheelIndex2="4" /> <!-- back left-right -->
                    <differential torqueRatio="0.5" maxSpeedRatio="1.8" differentialIndex1="1" differentialIndex2="2" /> <!-- front-back -->
                </differentials>
            </differentialConfiguration>
        </differentialConfigurations>

        <motorConfigurations>
            <motorConfiguration name="slow" hp="1" price="0">
                <motor torqueScale="0.6" minRpm="1000" maxRpm="6000" maxForwardSpeed="10" maxBackwardSpeed="10" brakeForce="1.1" lowBrakeForceScale="0.22">
                    <torque rpm="1000" torque="0.9"/>
                    <torque rpm="2400" torque="1"/>
                    <torque rpm="3480" torque="1"/>
                    <torque rpm="4560" torque="0.75"/>
                    <torque rpm="5280" torque="0.63"/>
                    <torque rpm="6000" torque="0.2"/>
                </motor>
                <transmission minForwardGearRatio="180" maxForwardGearRatio="200" minBackwardGearRatio="40" maxBackwardGearRatio="60" />
            </motorConfiguration>
            <motorConfiguration name="less slow" hp="10" price="0">
                <motor torqueScale="1.6" minRpm="1000" maxRpm="6000" maxForwardSpeed="80" maxBackwardSpeed="30" brakeForce="3.0" lowBrakeForceScale="0.42">
                    <torque rpm="1000" torque="0.9"/>
                    <torque rpm="2400" torque="1"/>
                    <torque rpm="3480" torque="1"/>
                    <torque rpm="4560" torque="0.75"/>
                    <torque rpm="5280" torque="0.63"/>
                    <torque rpm="6000" torque="0.2"/>
                </motor>
                <transmission minForwardGearRatio="10" maxForwardGearRatio="50" minBackwardGearRatio="40" maxBackwardGearRatio="60" />
            </motorConfiguration>
            <motorConfiguration name="rocket" hp="100000000000" price="0">
                <motor torqueScale="4500.6" minRpm="1000" maxRpm="6000000" maxForwardSpeed="8000" maxBackwardSpeed="3000" brakeForce="5.0" lowBrakeForceScale="0.82">
                    <torque rpm="1000" torque="50.9"/>
                    <torque rpm="2400" torque="501"/>
                    <torque rpm="3480" torque="5001"/>
                    <torque rpm="4560" torque="5000.75"/>
                    <torque rpm="5280" torque="5000.63"/>
                    <torque rpm="6000" torque="5000.2"/>
                </motor>
                <transmission minForwardGearRatio="6" maxForwardGearRatio="8" minBackwardGearRatio="40" maxBackwardGearRatio="60" />
            </motorConfiguration>
        </motorConfigurations>
        
		<motorStartDuration>0.1</motorStartDuration>
    </motorized>
    
	<ai>
        <agent width="1.8" length="5.4" height="1.85" lengthOffset="1.22" frontOffset="3.08" />
        <collisionTrigger node="0>9|0" width="2.3" height="2.2"/>
    </ai>

    <cylindered>
        <movingTools>
     		<movingTool node="0>1|0" playSound="false" wheelIndices="1 2">
                <controls axis="AXIS_FRONTLOADER_ARM" invertAxis="true" mouseSpeedFactor="0.4" iconName="CRANE_ARM2_ROTATE_TOOL"/>
                <rotation rotSpeed="10" rotAcceleration="120" rotMax="0.0" rotMin="-2.7"/>
            </movingTool>
			<movingTool node="0>1|1" playSound="false" wheelIndices="3 4">
                <controls axis="AXIS_FRONTLOADER_ARM2" invertAxis="true" mouseSpeedFactor="0.4" iconName="CRANE_ARM2_ROTATE_TOOL"/>
                <rotation rotSpeed="10" rotAcceleration="120" rotMax="2.6" rotMin="0.0"/>
            </movingTool>
        </movingTools>
	</cylindered>
    
    <baseMaterial>
        <material name="color" baseNode="0>0|0">
            <shaderParameter name="colorMat0" value="SHARED_GREY2"/>
        </material>
    </baseMaterial>
	
    <baseMaterialConfigurations price="0" useDefaultColors="true"  defaultColorIndex="17">
		<baseMaterialConfiguration name="magnetite grey metallic" color="0.08 0.08 0.08" 		material="17" price="0"/>
		<baseMaterialConfiguration name="crystal black silica"    color="0.012 0.012 0.012" 		material="17" price="0"/>
		<baseMaterialConfiguration name="crystal white pearl"     color="0.97 0.97 0.95" 		material="17" price="0"/>
		<baseMaterialConfiguration name="ice silver metallic"     color="0.2 0.25 0.3" 		material="17" price="0"/>
		<baseMaterialConfiguration name="pure red"                color="0.66 0 0" 		        material="17" price="0"/>
		<baseMaterialConfiguration name="world rally blue pearl"  color="0 0.1 0.6" 	        material="17" price="0"/>
		    <material name="color" shaderParameter="colorMat0"/>
    </baseMaterialConfigurations>
	
    <tensionBeltObject>
        <meshNodes>
            <meshNode node="0>10|0"/>
        </meshNodes>
    </tensionBeltObject>

    <foliageBending>
        <bendingNode minX="-0.3" maxX="0.3" minZ="-1.111" maxZ="0.666" yOffset="0.1"/>
    </foliageBending>
    
	<wearable wearDuration="6000" workMultiplier="5" fieldMultiplier="2"/>
    <washable dirtDuration="90" washDuration="1" workMultiplier="3" fieldMultiplier="2"/>

</vehicle>
