﻿<?xml version="1.0" encoding="utf-8" standalone="no" ?>
<modDesc descVersion="62">
    <author>SebCroteau</author>
    <version>1.0.0.0</version>
    <iconFilename>carcreeper.dds</iconFilename>
    <storeItems>
        <storeItem xmlFilename="carcreeper.xml"/>
    </storeItems>

    <multiplayer supported="true"/>

    <vehicleTypes>
        <type name="SCcreeper" parent="carFillable" className="Vehicle" filename="$dataS/scripts/vehicles/Vehicle.lua">
            <!-- specialization name="tensionBeltObject"/ -->
            <specialization name="crabSteering"/>
        </type>
    </vehicleTypes>
	
    <title>
        <en>car creeper</en>
        <fr>car creeper</fr>
        <de>car creeper</de>
    </title>
    <description>
        <en>car creeper</en>
        <fr>car creeper</fr>
        <de>car creeper</de>
    </description>
	
</modDesc>
