﻿<?xml version="1.0" encoding="utf-8" standalone="no" ?>
<vehicle type="carFillable">
    <annotation>Copyright (C) GIANTS Software GmbH, All Rights Reserved.</annotation>

    <storeData>
        <name>TRA 500</name>
        <specs>
            <power>75</power>
            <maxSpeed>120</maxSpeed>
        </specs>
        <functions>
            <function>$l10n_function_car</function>
        </functions>
        <image>store.dds</image>
        <price>13000</price>
        <lifetime>600</lifetime>
        <rotation>0</rotation>
        <brand>LIZARD</brand>
        <category>cars</category>
        <vertexBufferMemoryUsage>1373440</vertexBufferMemoryUsage>
        <indexBufferMemoryUsage>286720</indexBufferMemoryUsage>
        <textureMemoryUsage>3407872</textureMemoryUsage>
        <audioMemoryUsage>387945</audioMemoryUsage>
        <instanceVertexBufferMemoryUsage>0</instanceVertexBufferMemoryUsage>
        <instanceIndexBufferMemoryUsage>0</instanceIndexBufferMemoryUsage>
    </storeData>

    <base>
        <typeDesc>$l10n_typeDesc_car</typeDesc>
        <filename>TRA500.i3d</filename>
        <sounds filename="TRAmotor.xml"/>
		<size width="2.5" length="5"/>
		<components>
            <component centerOfMass="0 0.4 -0.025" solverIterationCount="20" mass="800" />
        </components>
        <schemaOverlay attacherJointPosition="0 0" name="CAR" />
        <mapHotspot type="CAR" />
    </base>

    <wheels>
        <wheelConfigurations>
			<wheelConfiguration name="$l10n_configuration_valueDesign01" price="0" brand="LIZARD" saveId="LIZARD_DEFAULT">
                <wheels autoRotateBackSpeed="3">
                    <wheel filename="pneu/frente.xml" isLeft="true" hasTireTracks="true" hasParticles="true" >
                        <physics tipOcclusionAreaGroupId="1" rotSpeed="1" restLoad="0.3" repr="0>0|0|0"  driveNode="0>0|0|0|0"  forcePointRatio="0.5" initialCompression="20" suspTravel="0.2" spring="5" damper="3" transRatio="1"/>
                        <steering node="0>0|0|8" nodeMinTransX="0.08" nodeMaxTransX="-0.08" />
                    </wheel>
                    <wheel filename="pneu/frente.xml" isLeft="false" hasTireTracks="true" hasParticles="true" >
                        <physics tipOcclusionAreaGroupId="1" rotSpeed="1" restLoad="0.3" repr="0>0|0|1" driveNode="0>0|0|1|0" forcePointRatio="0.5" initialCompression="20" suspTravel="0.2" spring="5" damper="3" transRatio="1"/>
                    </wheel>
                    <wheel filename="pneu/tras.xml" isLeft="true" hasTireTracks="true" hasParticles="true" >
                        <physics tipOcclusionAreaGroupId="1" rotSpeed="0" restLoad="0.3" repr="0>0|0|9" driveNode="0>0|0|9|0|0" forcePointRatio="0.5" initialCompression="20" suspTravel="0.2" spring="5" damper="3" transRatio="1"/>
                    </wheel>
                    <wheel filename="pneu/tras.xml" isLeft="false" hasTireTracks="true" hasParticles="true" >
                        <physics tipOcclusionAreaGroupId="1" rotSpeed="0" restLoad="0.3" repr="0>0|0|9" driveNode="0>0|0|9|1|0"  forcePointRatio="0.5" initialCompression="20" suspTravel="0.2" spring="5" damper="3" transRatio="1"/>
                    </wheel>
                </wheels>
            </wheelConfiguration>
			<wheelConfiguration name="$l10n_configuration_valueDesign02" price="100" brand="LIZARD" saveId="LIZARD_DEFAULT2">
                <wheels baseConfig="LIZARD_DEFAULT">
                    <wheel configId="aro2"/> 
                    <wheel configId="aro2"/> 
                    <wheel configId="aro2"/> 
                    <wheel configId="aro2"/> 
                </wheels>
            </wheelConfiguration>
			<wheelConfiguration name="$l10n_configuration_valueDesign03" price="100" brand="LIZARD" saveId="LIZARD_DEFAULT3">
                <wheels baseConfig="LIZARD_DEFAULT">
                    <wheel configId="aro3"/> 
                    <wheel configId="aro3"/> 
                    <wheel configId="aro3"/> 
                    <wheel configId="aro3"/> 
                </wheels>
            </wheelConfiguration>
			<wheelConfiguration name="$l10n_configuration_valueDesign04" price="100" brand="LIZARD" saveId="LIZARD_DEFAULT4">
                <wheels baseConfig="LIZARD_DEFAULT">
                    <wheel configId="aro4"/> 
                    <wheel configId="aro4"/> 
                    <wheel configId="aro4"/> 
                    <wheel configId="aro4"/> 
                </wheels>
            </wheelConfiguration>
			<wheelConfiguration name="$l10n_configuration_valueDesign05" price="100" brand="LIZARD" saveId="LIZARD_DEFAULT5">
                <wheels baseConfig="LIZARD_DEFAULT">
                    <wheel configId="aro5"/> 
                    <wheel configId="aro5"/> 
                    <wheel configId="aro5"/> 
                    <wheel configId="aro5"/> 
                </wheels>
            </wheelConfiguration>
			<wheelConfiguration name="$l10n_configuration_valueDesign06" price="100" brand="LIZARD" saveId="LIZARD_DEFAULT6">
                <wheels baseConfig="LIZARD_DEFAULT">
                    <wheel configId="aro6"/> 
                    <wheel configId="aro6"/> 
                    <wheel configId="aro6"/> 
                    <wheel configId="aro6"/> 
                </wheels>
            </wheelConfiguration>
			----------------- grande ---------------
			<wheelConfiguration name="$l10n_configuration_valueDesign02" price="200" brand="LIZARD" saveId="LIZARD_DEFAULT7">
                <wheels baseConfig="LIZARD_DEFAULT">
                    <wheel filename="pneu/frente7.xml"/> 
                    <wheel filename="pneu/frente7.xml"/> 
                    <wheel filename="pneu/tras7.xml"/> 
                    <wheel filename="pneu/tras7.xml"/> 
                </wheels>
            </wheelConfiguration>
			<wheelConfiguration name="$l10n_configuration_valueDesign02" price="200" brand="LIZARD" saveId="LIZARD_DEFAULT8">
                <wheels baseConfig="LIZARD_DEFAULT">
                    <wheel filename="pneu/frente7.xml" configId="aro2"/> 
                    <wheel filename="pneu/frente7.xml" configId="aro2"/> 
                    <wheel filename="pneu/tras7.xml" configId="aro2"/> 
                    <wheel filename="pneu/tras7.xml" configId="aro2"/> 
                </wheels>
            </wheelConfiguration>
			<wheelConfiguration name="$l10n_configuration_valueDesign03" price="200" brand="LIZARD" saveId="LIZARD_DEFAULT9">
                <wheels baseConfig="LIZARD_DEFAULT">
                    <wheel filename="pneu/frente7.xml" configId="aro3"/> 
                    <wheel filename="pneu/frente7.xml" configId="aro3"/> 
                    <wheel filename="pneu/tras7.xml" configId="aro3"/> 
                    <wheel filename="pneu/tras7.xml" configId="aro3"/> 
                </wheels>
            </wheelConfiguration>
			<wheelConfiguration name="$l10n_configuration_valueDesign04" price="200" brand="LIZARD" saveId="LIZARD_DEFAULT10">
                <wheels baseConfig="LIZARD_DEFAULT">
                    <wheel filename="pneu/frente7.xml" configId="aro4"/> 
                    <wheel filename="pneu/frente7.xml" configId="aro4"/> 
                    <wheel filename="pneu/tras7.xml" configId="aro4"/> 
                    <wheel filename="pneu/tras7.xml" configId="aro4"/> 
                </wheels>
            </wheelConfiguration>
			<wheelConfiguration name="$l10n_configuration_valueDesign05" price="200" brand="LIZARD" saveId="LIZARD_DEFAULT11">
                <wheels baseConfig="LIZARD_DEFAULT">
                    <wheel filename="pneu/frente7.xml" configId="aro5"/> 
                    <wheel filename="pneu/frente7.xml" configId="aro5"/> 
                    <wheel filename="pneu/tras7.xml" configId="aro5"/> 
                    <wheel filename="pneu/tras7.xml" configId="aro5"/> 
                </wheels>
            </wheelConfiguration>
			<wheelConfiguration name="$l10n_configuration_valueDesign06" price="200" brand="LIZARD" saveId="LIZARD_DEFAULT12">
                <wheels baseConfig="LIZARD_DEFAULT">
                    <wheel filename="pneu/frente7.xml" configId="aro6"/> 
                    <wheel filename="pneu/frente7.xml" configId="aro6"/> 
                    <wheel filename="pneu/tras7.xml" configId="aro6"/> 
                    <wheel filename="pneu/tras7.xml" configId="aro6"/> 
                </wheels>
            </wheelConfiguration>
			-------------------------------------
			<wheelConfiguration name="$l10n_configuration_valueDesign01" price="0" brand="NOKIAN" saveId="NOKIAN_DEFAULT">
                <wheels baseConfig="LIZARD_DEFAULT">
                    <wheel filename="pneu/frente2.xml"/>
                    <wheel filename="pneu/frente2.xml"/>
                    <wheel filename="pneu/tras2.xml"/>
                    <wheel filename="pneu/tras2.xml"/>
                </wheels>
            </wheelConfiguration>
			<wheelConfiguration name="$l10n_configuration_valueDesign02" price="100" brand="NOKIAN" saveId="NOKIAN_DEFAULT2">
                <wheels baseConfig="LIZARD_DEFAULT">
                    <wheel filename="pneu/frente2.xml" configId="aro2"/> 
                    <wheel filename="pneu/frente2.xml" configId="aro2"/> 
                    <wheel filename="pneu/tras2.xml" configId="aro2"/> 
                    <wheel filename="pneu/tras2.xml" configId="aro2"/> 
                </wheels>
            </wheelConfiguration>
			<wheelConfiguration name="$l10n_configuration_valueDesign03" price="100" brand="NOKIAN" saveId="NOKIAN_DEFAULT3">
                <wheels baseConfig="LIZARD_DEFAULT">
                    <wheel filename="pneu/frente2.xml" configId="aro3"/> 
                    <wheel filename="pneu/frente2.xml" configId="aro3"/> 
                    <wheel filename="pneu/tras2.xml" configId="aro3"/> 
                    <wheel filename="pneu/tras2.xml" configId="aro3"/> 
                </wheels>
            </wheelConfiguration>
			<wheelConfiguration name="$l10n_configuration_valueDesign04" price="100" brand="NOKIAN" saveId="NOKIAN_DEFAULT4">
                <wheels baseConfig="LIZARD_DEFAULT">
                    <wheel filename="pneu/frente2.xml" configId="aro4"/> 
                    <wheel filename="pneu/frente2.xml" configId="aro4"/> 
                    <wheel filename="pneu/tras2.xml" configId="aro4"/> 
                    <wheel filename="pneu/tras2.xml" configId="aro4"/> 
                </wheels>
            </wheelConfiguration>
			<wheelConfiguration name="$l10n_configuration_valueDesign05" price="100" brand="NOKIAN" saveId="NOKIAN_DEFAULT5">
                <wheels baseConfig="LIZARD_DEFAULT">
                    <wheel filename="pneu/frente2.xml" configId="aro5"/> 
                    <wheel filename="pneu/frente2.xml" configId="aro5"/> 
                    <wheel filename="pneu/tras2.xml" configId="aro5"/> 
                    <wheel filename="pneu/tras2.xml" configId="aro5"/> 
                </wheels>
            </wheelConfiguration>
			<wheelConfiguration name="$l10n_configuration_valueDesign06" price="100" brand="NOKIAN" saveId="NOKIAN_DEFAULT6">
                <wheels baseConfig="LIZARD_DEFAULT">
                    <wheel filename="pneu/frente2.xml" configId="aro6"/> 
                    <wheel filename="pneu/frente2.xml" configId="aro6"/> 
                    <wheel filename="pneu/tras2.xml" configId="aro6"/> 
                    <wheel filename="pneu/tras2.xml" configId="aro6"/> 
                </wheels>
            </wheelConfiguration>
			<wheelConfiguration name="$l10n_configuration_valueDesign01" price="0" brand="MITAS" saveId="MITAS_DEFAULT1">
                <wheels baseConfig="LIZARD_DEFAULT">
                    <wheel filename="pneu/frente3.xml"/>
                    <wheel filename="pneu/frente3.xml"/>
                    <wheel filename="pneu/tras3.xml"/>
                    <wheel filename="pneu/tras3.xml"/>
                </wheels>
            </wheelConfiguration>
			<wheelConfiguration name="$l10n_configuration_valueDesign02" price="100" brand="MITAS" saveId="MITAS_DEFAULT2">
                <wheels baseConfig="LIZARD_DEFAULT">
                    <wheel filename="pneu/frente3.xml" configId="aro2"/> 
                    <wheel filename="pneu/frente3.xml" configId="aro2"/> 
                    <wheel filename="pneu/tras3.xml" configId="aro2"/> 
                    <wheel filename="pneu/tras3.xml" configId="aro2"/> 
                </wheels>
            </wheelConfiguration>
			<wheelConfiguration name="$l10n_configuration_valueDesign03" price="100" brand="MITAS" saveId="MITAS_DEFAULT3">
                <wheels baseConfig="LIZARD_DEFAULT">
                    <wheel filename="pneu/frente3.xml" configId="aro3"/> 
                    <wheel filename="pneu/frente3.xml" configId="aro3"/> 
                    <wheel filename="pneu/tras3.xml" configId="aro3"/> 
                    <wheel filename="pneu/tras3.xml" configId="aro3"/> 
                </wheels>
            </wheelConfiguration>
			<wheelConfiguration name="$l10n_configuration_valueDesign04" price="100" brand="MITAS" saveId="MITAS_DEFAULT4">
                <wheels baseConfig="LIZARD_DEFAULT">
                    <wheel filename="pneu/frente3.xml" configId="aro4"/> 
                    <wheel filename="pneu/frente3.xml" configId="aro4"/> 
                    <wheel filename="pneu/tras3.xml" configId="aro4"/> 
                    <wheel filename="pneu/tras3.xml" configId="aro4"/> 
                </wheels>
            </wheelConfiguration>
			<wheelConfiguration name="$l10n_configuration_valueDesign05" price="100" brand="MITAS" saveId="MITAS_DEFAULT5">
                <wheels baseConfig="LIZARD_DEFAULT">
                    <wheel filename="pneu/frente3.xml" configId="aro5"/> 
                    <wheel filename="pneu/frente3.xml" configId="aro5"/> 
                    <wheel filename="pneu/tras3.xml" configId="aro5"/> 
                    <wheel filename="pneu/tras3.xml" configId="aro5"/> 
                </wheels>
            </wheelConfiguration>
			<wheelConfiguration name="$l10n_configuration_valueDesign06" price="100" brand="MITAS" saveId="MITAS_DEFAULT6">
                <wheels baseConfig="LIZARD_DEFAULT">
                    <wheel filename="pneu/frente3.xml" configId="aro6"/> 
                    <wheel filename="pneu/frente3.xml" configId="aro6"/> 
                    <wheel filename="pneu/tras3.xml" configId="aro6"/> 
                    <wheel filename="pneu/tras3.xml" configId="aro6"/> 
                </wheels>
            </wheelConfiguration>
			----------- mitas grande ---------------
			<wheelConfiguration name="$l10n_configuration_valueDesign01" price="200" brand="MITAS" saveId="MITAS_DEFAULT7">
                <wheels baseConfig="LIZARD_DEFAULT">
                    <wheel filename="pneu/frente8.xml"/>
                    <wheel filename="pneu/frente8.xml"/>
                    <wheel filename="pneu/tras8.xml"/>
                    <wheel filename="pneu/tras8.xml"/>
                </wheels>
            </wheelConfiguration>
			<wheelConfiguration name="$l10n_configuration_valueDesign02" price="200" brand="MITAS" saveId="MITAS_DEFAULT8">
                <wheels baseConfig="LIZARD_DEFAULT">
                    <wheel filename="pneu/frente8.xml" configId="aro2"/> 
                    <wheel filename="pneu/frente8.xml" configId="aro2"/> 
                    <wheel filename="pneu/tras8.xml" configId="aro2"/> 
                    <wheel filename="pneu/tras8.xml" configId="aro2"/> 
                </wheels>
            </wheelConfiguration>
			<wheelConfiguration name="$l10n_configuration_valueDesign03" price="200" brand="MITAS" saveId="MITAS_DEFAULT9">
                <wheels baseConfig="LIZARD_DEFAULT">
                    <wheel filename="pneu/frente8.xml" configId="aro3"/> 
                    <wheel filename="pneu/frente8.xml" configId="aro3"/> 
                    <wheel filename="pneu/tras8.xml" configId="aro3"/> 
                    <wheel filename="pneu/tras8.xml" configId="aro3"/> 
                </wheels>
            </wheelConfiguration>
			<wheelConfiguration name="$l10n_configuration_valueDesign04" price="200" brand="MITAS" saveId="MITAS_DEFAULT10">
                <wheels baseConfig="LIZARD_DEFAULT">
                    <wheel filename="pneu/frente8.xml" configId="aro4"/> 
                    <wheel filename="pneu/frente8.xml" configId="aro4"/> 
                    <wheel filename="pneu/tras8.xml" configId="aro4"/> 
                    <wheel filename="pneu/tras8.xml" configId="aro4"/> 
                </wheels>
            </wheelConfiguration>
			<wheelConfiguration name="$l10n_configuration_valueDesign05" price="200" brand="MITAS" saveId="MITAS_DEFAULT11">
                <wheels baseConfig="LIZARD_DEFAULT">
                    <wheel filename="pneu/frente8.xml" configId="aro5"/> 
                    <wheel filename="pneu/frente8.xml" configId="aro5"/> 
                    <wheel filename="pneu/tras8.xml" configId="aro5"/> 
                    <wheel filename="pneu/tras8.xml" configId="aro5"/> 
                </wheels>
            </wheelConfiguration>
			<wheelConfiguration name="$l10n_configuration_valueDesign06" price="200" brand="MITAS" saveId="MITAS_DEFAULT12">
                <wheels baseConfig="LIZARD_DEFAULT">
                    <wheel filename="pneu/frente8.xml" configId="aro6"/> 
                    <wheel filename="pneu/frente8.xml" configId="aro6"/> 
                    <wheel filename="pneu/tras8.xml" configId="aro6"/> 
                    <wheel filename="pneu/tras8.xml" configId="aro6"/> 
                </wheels>
            </wheelConfiguration>
			--------------
			<wheelConfiguration name="$l10n_Nokian2aro1" price="0" brand="NOKIAN" saveId="NOKIAN_DEFAULT7">
                <wheels baseConfig="LIZARD_DEFAULT">
                    <wheel filename="pneu/frente4.xml"/>
                    <wheel filename="pneu/frente4.xml"/>
                    <wheel filename="pneu/tras4.xml"/>
                    <wheel filename="pneu/tras4.xml"/>
                </wheels>
            </wheelConfiguration>
			<wheelConfiguration name="$l10n_Nokian2aro2" price="100" brand="NOKIAN" saveId="NOKIAN_DEFAULT8">
                <wheels baseConfig="LIZARD_DEFAULT">
                    <wheel filename="pneu/frente4.xml" configId="aro2"/> 
                    <wheel filename="pneu/frente4.xml" configId="aro2"/> 
                    <wheel filename="pneu/tras4.xml" configId="aro2"/> 
                    <wheel filename="pneu/tras4.xml" configId="aro2"/> 
                </wheels>
            </wheelConfiguration>
			<wheelConfiguration name="$l10n_Nokian2aro3" price="100" brand="NOKIAN" saveId="NOKIAN_DEFAULT9">
                <wheels baseConfig="LIZARD_DEFAULT">
                    <wheel filename="pneu/frente4.xml" configId="aro3"/> 
                    <wheel filename="pneu/frente4.xml" configId="aro3"/> 
                    <wheel filename="pneu/tras4.xml" configId="aro3"/> 
                    <wheel filename="pneu/tras4.xml" configId="aro3"/> 
                </wheels>
            </wheelConfiguration>
			<wheelConfiguration name="$l10n_Nokian2aro4" price="100" brand="NOKIAN" saveId="NOKIAN_DEFAULT10">
                <wheels baseConfig="LIZARD_DEFAULT">
                    <wheel filename="pneu/frente4.xml" configId="aro4"/> 
                    <wheel filename="pneu/frente4.xml" configId="aro4"/> 
                    <wheel filename="pneu/tras4.xml" configId="aro4"/> 
                    <wheel filename="pneu/tras4.xml" configId="aro4"/> 
                </wheels>
            </wheelConfiguration>
			<wheelConfiguration name="$l10n_Nokian2aro5" price="100" brand="NOKIAN" saveId="NOKIAN_DEFAULT11">
                <wheels baseConfig="LIZARD_DEFAULT">
                    <wheel filename="pneu/frente4.xml" configId="aro5"/> 
                    <wheel filename="pneu/frente4.xml" configId="aro5"/> 
                    <wheel filename="pneu/tras4.xml" configId="aro5"/> 
                    <wheel filename="pneu/tras4.xml" configId="aro5"/> 
                </wheels>
            </wheelConfiguration>
			<wheelConfiguration name="$l10n_Nokian2aro6" price="100" brand="NOKIAN" saveId="NOKIAN_DEFAULT12">
                <wheels baseConfig="LIZARD_DEFAULT">
                    <wheel filename="pneu/frente4.xml" configId="aro6"/> 
                    <wheel filename="pneu/frente4.xml" configId="aro6"/> 
                    <wheel filename="pneu/tras4.xml" configId="aro6"/> 
                    <wheel filename="pneu/tras4.xml" configId="aro6"/> 
                </wheels>
            </wheelConfiguration>
			--------------------
			<wheelConfiguration name="$l10n_Nokian3aro1" price="0" brand="NOKIAN" saveId="NOKIAN_DEFAULT13">
                <wheels baseConfig="LIZARD_DEFAULT">
                    <wheel filename="pneu/frente5.xml"/>
                    <wheel filename="pneu/frente5.xml"/>
                    <wheel filename="pneu/tras5.xml"/>
                    <wheel filename="pneu/tras5.xml"/>
                </wheels>
            </wheelConfiguration>
			<wheelConfiguration name="$l10n_Nokian3aro2" price="100" brand="NOKIAN" saveId="NOKIAN_DEFAULT14">
                <wheels baseConfig="LIZARD_DEFAULT">
                    <wheel filename="pneu/frente5.xml" configId="aro2"/> 
                    <wheel filename="pneu/frente5.xml" configId="aro2"/> 
                    <wheel filename="pneu/tras5.xml" configId="aro2"/> 
                    <wheel filename="pneu/tras5.xml" configId="aro2"/> 
                </wheels>
            </wheelConfiguration>
			<wheelConfiguration name="$l10n_Nokian3aro3" price="100" brand="NOKIAN" saveId="NOKIAN_DEFAULT15">
                <wheels baseConfig="LIZARD_DEFAULT">
                    <wheel filename="pneu/frente5.xml" configId="aro3"/> 
                    <wheel filename="pneu/frente5.xml" configId="aro3"/> 
                    <wheel filename="pneu/tras5.xml" configId="aro3"/> 
                    <wheel filename="pneu/tras5.xml" configId="aro3"/> 
                </wheels>
            </wheelConfiguration>
			<wheelConfiguration name="$l10n_Nokian3aro4" price="100" brand="NOKIAN" saveId="NOKIAN_DEFAULT16">
                <wheels baseConfig="LIZARD_DEFAULT">
                    <wheel filename="pneu/frente5.xml" configId="aro4"/> 
                    <wheel filename="pneu/frente5.xml" configId="aro4"/> 
                    <wheel filename="pneu/tras5.xml" configId="aro4"/> 
                    <wheel filename="pneu/tras5.xml" configId="aro4"/> 
                </wheels>
            </wheelConfiguration>
			<wheelConfiguration name="$l10n_Nokian3aro5" price="100" brand="NOKIAN" saveId="NOKIAN_DEFAULT17">
                <wheels baseConfig="LIZARD_DEFAULT">
                    <wheel filename="pneu/frente5.xml" configId="aro5"/> 
                    <wheel filename="pneu/frente5.xml" configId="aro5"/> 
                    <wheel filename="pneu/tras5.xml" configId="aro5"/> 
                    <wheel filename="pneu/tras5.xml" configId="aro5"/> 
                </wheels>
            </wheelConfiguration>
			<wheelConfiguration name="$l10n_Nokian3aro6" price="100" brand="NOKIAN" saveId="NOKIAN_DEFAULT18">
                <wheels baseConfig="LIZARD_DEFAULT">
                    <wheel filename="pneu/frente5.xml" configId="aro6"/> 
                    <wheel filename="pneu/frente5.xml" configId="aro6"/> 
                    <wheel filename="pneu/tras5.xml" configId="aro6"/> 
                    <wheel filename="pneu/tras5.xml" configId="aro6"/> 
                </wheels>
            </wheelConfiguration>
			--------- grande-------------------
			<wheelConfiguration name="$l10n_Nokian3aro1" price="200" brand="NOKIAN" saveId="NOKIAN_DEFAULT19">
                <wheels baseConfig="LIZARD_DEFAULT">
                    <wheel filename="pneu/frente9.xml"/>
                    <wheel filename="pneu/frente9.xml"/>
                    <wheel filename="pneu/tras9.xml"/>
                    <wheel filename="pneu/tras9.xml"/>
                </wheels>
            </wheelConfiguration>
			<wheelConfiguration name="$l10n_Nokian3aro2" price="200" brand="NOKIAN" saveId="NOKIAN_DEFAULT20">
                <wheels baseConfig="LIZARD_DEFAULT">
                    <wheel filename="pneu/frente9.xml" configId="aro2"/> 
                    <wheel filename="pneu/frente9.xml" configId="aro2"/> 
                    <wheel filename="pneu/tras9.xml" configId="aro2"/> 
                    <wheel filename="pneu/tras9.xml" configId="aro2"/> 
                </wheels>
            </wheelConfiguration>
			<wheelConfiguration name="$l10n_Nokian3aro3" price="200" brand="NOKIAN" saveId="NOKIAN_DEFAULT21">
                <wheels baseConfig="LIZARD_DEFAULT">
                    <wheel filename="pneu/frente9.xml" configId="aro3"/> 
                    <wheel filename="pneu/frente9.xml" configId="aro3"/> 
                    <wheel filename="pneu/tras9.xml" configId="aro3"/> 
                    <wheel filename="pneu/tras9.xml" configId="aro3"/> 
                </wheels>
            </wheelConfiguration>
			<wheelConfiguration name="$l10n_Nokian3aro4" price="200" brand="NOKIAN" saveId="NOKIAN_DEFAULT22">
                <wheels baseConfig="LIZARD_DEFAULT">
                    <wheel filename="pneu/frente9.xml" configId="aro4"/> 
                    <wheel filename="pneu/frente9.xml" configId="aro4"/> 
                    <wheel filename="pneu/tras9.xml" configId="aro4"/> 
                    <wheel filename="pneu/tras9.xml" configId="aro4"/> 
                </wheels>
            </wheelConfiguration>
			<wheelConfiguration name="$l10n_Nokian3aro5" price="200" brand="NOKIAN" saveId="NOKIAN_DEFAULT23">
                <wheels baseConfig="LIZARD_DEFAULT">
                    <wheel filename="pneu/frente9.xml" configId="aro5"/> 
                    <wheel filename="pneu/frente9.xml" configId="aro5"/> 
                    <wheel filename="pneu/tras9.xml" configId="aro5"/> 
                    <wheel filename="pneu/tras9.xml" configId="aro5"/> 
                </wheels>
            </wheelConfiguration>
			<wheelConfiguration name="$l10n_Nokian3aro6" price="200" brand="NOKIAN" saveId="NOKIAN_DEFAULT124">
                <wheels baseConfig="LIZARD_DEFAULT">
                    <wheel filename="pneu/frente9.xml" configId="aro6"/> 
                    <wheel filename="pneu/frente9.xml" configId="aro6"/> 
                    <wheel filename="pneu/tras9.xml" configId="aro6"/> 
                    <wheel filename="pneu/tras9.xml" configId="aro6"/> 
                </wheels>
            </wheelConfiguration>
			--------------------
			
			<wheelConfiguration name="$l10n_Nokian4aro1" price="0" brand="NOKIAN" saveId="NOKIAN_DEFAULT25">
                <wheels baseConfig="LIZARD_DEFAULT">
                    <wheel filename="pneu/frente6.xml"/>
                    <wheel filename="pneu/frente6.xml"/>
                    <wheel filename="pneu/tras6.xml"/>
                    <wheel filename="pneu/tras6.xml"/>
                </wheels>
            </wheelConfiguration>
			<wheelConfiguration name="$l10n_Nokian4aro2" price="100" brand="NOKIAN" saveId="NOKIAN_DEFAULT26">
                <wheels baseConfig="LIZARD_DEFAULT">
                    <wheel filename="pneu/frente6.xml" configId="aro2"/> 
                    <wheel filename="pneu/frente6.xml" configId="aro2"/> 
                    <wheel filename="pneu/tras6.xml" configId="aro2"/> 
                    <wheel filename="pneu/tras6.xml" configId="aro2"/> 
                </wheels>
            </wheelConfiguration>
			<wheelConfiguration name="$l10n_Nokian4aro3" price="100" brand="NOKIAN" saveId="NOKIAN_DEFAULT27">
                <wheels baseConfig="LIZARD_DEFAULT">
                    <wheel filename="pneu/frente6.xml" configId="aro3"/> 
                    <wheel filename="pneu/frente6.xml" configId="aro3"/> 
                    <wheel filename="pneu/tras6.xml" configId="aro3"/> 
                    <wheel filename="pneu/tras6.xml" configId="aro3"/> 
                </wheels>
            </wheelConfiguration>
			<wheelConfiguration name="$l10n_Nokian4aro4" price="100" brand="NOKIAN" saveId="NOKIAN_DEFAULT28">
                <wheels baseConfig="LIZARD_DEFAULT">
                    <wheel filename="pneu/frente6.xml" configId="aro4"/> 
                    <wheel filename="pneu/frente6.xml" configId="aro4"/> 
                    <wheel filename="pneu/tras6.xml" configId="aro4"/> 
                    <wheel filename="pneu/tras6.xml" configId="aro4"/> 
                </wheels>
            </wheelConfiguration>
			<wheelConfiguration name="$l10n_Nokian4aro5" price="100" brand="NOKIAN" saveId="NOKIAN_DEFAULT29">
                <wheels baseConfig="LIZARD_DEFAULT">
                    <wheel filename="pneu/frente6.xml" configId="aro5"/> 
                    <wheel filename="pneu/frente6.xml" configId="aro5"/> 
                    <wheel filename="pneu/tras6.xml" configId="aro5"/> 
                    <wheel filename="pneu/tras6.xml" configId="aro5"/> 
                </wheels>
            </wheelConfiguration>
			<wheelConfiguration name="$l10n_Nokian4aro6" price="100" brand="NOKIAN" saveId="NOKIAN_DEFAULT30">
                <wheels baseConfig="LIZARD_DEFAULT">
                    <wheel filename="pneu/frente6.xml" configId="aro6"/> 
                    <wheel filename="pneu/frente6.xml" configId="aro6"/> 
                    <wheel filename="pneu/tras6.xml" configId="aro6"/> 
                    <wheel filename="pneu/tras6.xml" configId="aro6"/> 
                </wheels>
            </wheelConfiguration>
			-------- grande -------------
			<wheelConfiguration name="$l10n_Nokian4aro1" price="200" brand="NOKIAN" saveId="NOKIAN_DEFAULT31">
                <wheels baseConfig="LIZARD_DEFAULT">
                    <wheel filename="pneu/frente10.xml"/>
                    <wheel filename="pneu/frente10.xml"/>
                    <wheel filename="pneu/tras10.xml"/>
                    <wheel filename="pneu/tras10.xml"/>
                </wheels>
            </wheelConfiguration>
			<wheelConfiguration name="$l10n_Nokian4aro2" price="200" brand="NOKIAN" saveId="NOKIAN_DEFAULT32">
                <wheels baseConfig="LIZARD_DEFAULT">
                    <wheel filename="pneu/frente10.xml" configId="aro2"/> 
                    <wheel filename="pneu/frente10.xml" configId="aro2"/> 
                    <wheel filename="pneu/tras10.xml" configId="aro2"/> 
                    <wheel filename="pneu/tras10.xml" configId="aro2"/> 
                </wheels>
            </wheelConfiguration>
			<wheelConfiguration name="$l10n_Nokian4aro3" price="200" brand="NOKIAN" saveId="NOKIAN_DEFAULT33">
                <wheels baseConfig="LIZARD_DEFAULT">
                    <wheel filename="pneu/frente10.xml" configId="aro3"/> 
                    <wheel filename="pneu/frente10.xml" configId="aro3"/> 
                    <wheel filename="pneu/tras10.xml" configId="aro3"/> 
                    <wheel filename="pneu/tras10.xml" configId="aro3"/> 
                </wheels>
            </wheelConfiguration>
			<wheelConfiguration name="$l10n_Nokian4aro4" price="200" brand="NOKIAN" saveId="NOKIAN_DEFAULT34">
                <wheels baseConfig="LIZARD_DEFAULT">
                    <wheel filename="pneu/frente10.xml" configId="aro4"/> 
                    <wheel filename="pneu/frente10.xml" configId="aro4"/> 
                    <wheel filename="pneu/tras10.xml" configId="aro4"/> 
                    <wheel filename="pneu/tras10.xml" configId="aro4"/> 
                </wheels>
            </wheelConfiguration>
			<wheelConfiguration name="$l10n_Nokian4aro5" price="200" brand="NOKIAN" saveId="NOKIAN_DEFAULT35">
                <wheels baseConfig="LIZARD_DEFAULT">
                    <wheel filename="pneu/frente10.xml" configId="aro5"/> 
                    <wheel filename="pneu/frente10.xml" configId="aro5"/> 
                    <wheel filename="pneu/tras10.xml" configId="aro5"/> 
                    <wheel filename="pneu/tras10.xml" configId="aro5"/> 
                </wheels>
            </wheelConfiguration>
			<wheelConfiguration name="$l10n_Nokian4aro6" price="200" brand="NOKIAN" saveId="NOKIAN_DEFAULT36">
                <wheels baseConfig="LIZARD_DEFAULT">
                    <wheel filename="pneu/frente10.xml" configId="aro6"/> 
                    <wheel filename="pneu/frente10.xml" configId="aro6"/> 
                    <wheel filename="pneu/tras10.xml" configId="aro6"/> 
                    <wheel filename="pneu/tras10.xml" configId="aro6"/> 
                </wheels>
            </wheelConfiguration>
        </wheelConfigurations>
		
        <ackermannSteeringConfigurations>
            <ackermannSteering rotSpeed="45" rotMax="45" rotCenterWheel1="3" rotCenterWheel2="4" />
        </ackermannSteeringConfigurations>
    </wheels>

	<rimColorConfigurations useDefaultColors="true" price="50" >
		<rimColorConfiguration name="$l10n_Blackmetallic" color="FIAT_BLACKPAINT"  material="0" />
		<rimColorConfiguration name="$l10n_Bluemetallic" color="FLIEGL_BLUE1" material="27" />
        <rimColorConfiguration name="$l10n_MANblue" color="MAN_BLUE6"/>
		<rimColorConfiguration name="$l10n_MENGELEblue" color="0.0759 0.3392 0.4205 0"/>
		<rimColorConfiguration name="$l10n_VICONDARKblue" color="VICON_DARKBLUE"/>		
		<rimColorConfiguration name="$l10n_Darkred" color="0.3 0.02 0.01" material="0" />
		<rimColorConfiguration name="$l10n_MENGELEred" color="0.7372 0.0151 0.0265 1"/>
        <rimColorConfiguration name="$l10n_VICONred" color="VICON_RED1"/>	
		<rimColorConfiguration name="$l10n_ANNABURGERred" color="ANNABURGER_RED1"/>
		<rimColorConfiguration name="$l10n_STRAUTMANNred" color="STRAUTMANN_RED1"/>
		<rimColorConfiguration name="$l10n_Purplemetallic" color="LIZARD_PURPLE1" material="27" />
        <rimColorConfiguration name="$l10n_Orangemetallic" color="FIAT_ORANGEPAINT" material="27" />
		<rimColorConfiguration name="$l10n_Claasmonstermetallic" color="0.4 0.6 0.02 1.0" material="27"  />
        <rimColorConfiguration name="$l10n_Redmetallic" color="FLIEGL_RED1" material="27" />
        <rimColorConfiguration name="$l10n_Yellowmetallic" color="BEDNAR_YELLOW1" material="27" />
        <rimColorConfiguration name="$l10n_Brownmetallic" color="FLIEGL_BROWN1" material="27" />
		<rimColorConfiguration name="$l10n_KAWECOgrey" color="0.8671 0.7893 0.6253 1"/>
		<rimColorConfiguration name="$l10n_BRIRIgrey" color="0.4423 0.4423 0.4534 1"/>
        <rimColorConfiguration name="$l10n_HAWEgrey" color="0.0962 0.0962 0.0962 1"/>
        <rimColorConfiguration name="$l10n_TEBBEgrey" color="0.6940 0.6940 0.6940 1"/>
		<rimColorConfiguration name="$l10n_Blackchrome" color="SHARED_BLACK2" material="2" />
		<rimColorConfiguration name="$l10n_Blackcherry" color="0.010 0 0 1" material="0" />
		<rimColorConfiguration name="$l10n_Blackcherrymetallic" color="0.010 0 0 1" material="27" />
		<rimColorConfiguration name="$l10n_Stainlesssteel" color="SHARED_WHITE2" material="35"/>
		<rimColorConfiguration name="$l10n_Dark" color="0.02 0.02 0.02" material="27" />
		<rimColorConfiguration name="$l10n_Chrome" color="SHARED_WHITE2" material="2"/>
		<rimColorConfiguration name="$l10n_Silver" color="SHARED_GREY2" material="27" />
		<rimColorConfiguration name="$l10n_Silvermetallic" color="ITRUNNER_WHITE1" material="27"/>
		<rimColorConfiguration name="$l10n_Ice" color="0.455 0.855 1 1.0" material="0" />
		<rimColorConfiguration name="$l10n_Pearlwhite" color="FIAT_WHITEPAINT" material="18" />
		<rimColorConfiguration name="$l10n_BERGMANNwhite" color="ITRUNNER_WHITE1" material="0"/>
		<rimColorConfiguration name="$l10n_ANNABURGERwhite" color="ANNABURGER_WHITE1"/>
		<rimColorConfiguration name="$l10n_ExleyFav" color="0.041 0.245 0.223 1.0" material="27" />
		<rimColorConfiguration name="$l10n_MANbeige" color="MAN_BEIGECLASSIC"/>		
	    <rimColorConfiguration name="$l10n_Beigie" color="0.302 0.255 0.17" material="0" />
		<rimColorConfiguration name="$l10n_Greenmetallic" color="FIAT_GREENPAINT" material="27" />
		<rimColorConfiguration name="$l10n_KRONEgreen" color="KRONE_GREEN1" material="32"/>
		<rimColorConfiguration name="$l10n_STARAgreen" color="STARA_GREEN" material="32"/>
        <rimColorConfiguration name="$l10n_BERGMANNgreen" color="BERGMANN_GREEN1"/>
        <rimColorConfiguration name="$l10n_JOSKINgreen" color="JOSKIN_GREEN1"/>
		<rimColorConfiguration name="$l10n_STRAUTMANNgreen" color="STRAUTMANN_GREEN1"/>
		<rimColorConfiguration name="$l10n_HAWEgreen" color="0.0697 0.1541 0.0545 1"/>
		<rimColorConfiguration name="$l10n_TEBBEgreen" color="0.0008 0.3685 0.1449 1"/>
		<rimColorConfiguration name="$l10n_KAWECOgreen" color="0.4 0.6 0.05 1"/>
		<rimColorConfiguration name="$l10n_BRIRIgreen" color="0.0461 0.0600 0.0414 1"/>
		<rimColorConfiguration name="$l10n_MANoldgreen" color="MAN_OLDGREEN"/>		
	    <rimColorConfiguration name="$l10n_JOSKINyellow" color="JOSKIN_YELLOW1"/>
		<rimColorConfiguration name="$l10n_KRONEyellow" color="KRONE_YELLOW1" material="32"/>
        <rimColorConfiguration name="$l10n_STARAorange" color="STARA_ORANGE" material="32"/>
		<rimColorConfiguration name="$l10n_KAWECorange" color="0.98 0.31 0.02 1"/>
		<rimColorConfiguration name="$l10n_Claas" color="0.4 0.6 0.02 1.0" material="0" />
        <rimColorConfiguration name="$l10n_ClaasCat" color="0.800 0.443 0.008 1.0" material="0" />
        <rimColorConfiguration name="$l10n_Claasmonster" color="0.4 0.6 0.02 1.0" material="0"  />
		<rimColorConfiguration name="Midnightpurple" color="0.001 0 0.015 1" material="0" />	
    </rimColorConfigurations>
	
	<lights>
        <states>
            <state lightTypes="0" />
            <state lightTypes="0 1" />
			<state lightTypes="0 1 2" />
        </states>

        <realLights>
            <low>
                <light node="0>0|6|0|0" lightTypes="0"  />
				<light node="0>0|6|0|3" lightTypes="0"  />
				<light node="0>0|3|0|0|3|2|0" lightTypes="1" />
				<light node="0>0|6|0|1" lightTypes="2" />
				<brakeLight node="0>0|6|0|2" />
            </low>
            <high>
                <light node="0>0|6|0|0" lightTypes="0"  />
				<light node="0>0|6|0|3" lightTypes="0"  />
				<light node="0>0|3|0|0|3|2|0" lightTypes="1" />
				<light node="0>0|6|0|1" lightTypes="2" />
				<brakeLight node="0>0|6|0|2" />
            </high>
        </realLights>

        <defaultLights>
            <defaultLight shaderNode="0>0|6|1|0"     lightTypes="0" />
			<defaultLight shaderNode="0>0|6|1|2"     lightTypes="0" intensity="9" />
			<defaultLight shaderNode="0>0|3|0|0|3|2|1"     lightTypes="1" />
			<defaultLight shaderNode="0>0|6|1|1"     lightTypes="2" />
        </defaultLights>

		<brakeLights>
            <brakeLight shaderNode="0>0|6|1|2"/>
        </brakeLights>
		
		<dashboards>
            <dashboard displayType="ROT" valueType="lightState"  node="0>0|3|0|0|7|0" rotAxis="1" lightTypes="0" minRot="-10" maxRot="10" groups="MOTOR_ACTIVE"/>
        </dashboards>
    </lights>
	
	<attacherJoints comboDuration="2">
        <attacherJointConfigurations>
            <attacherJointConfiguration name="$l10n_configuration_valueDefault" price="0">
                <objectChange node="0>0|1|0" visibilityActive="false"/>
                <objectChange node="0>0|1|1" visibilityActive="false"/>
				<attacherJoint node="0>0|0|11|0" jointType="trailerLow" lowerRotLimit="10 50 50" upperRotRotationOffset="0" allowsJointLimitMovement="false" comboTime="1">
                    <distanceToGround upper="0.79" lower="0.57"/>
                    <schema position="1 0" rotation="0" invertX="false" />
                </attacherJoint>
				<attacherJoint node="0>0|0|11|0" jointType="trailer" lowerRotLimit="10 50 50" upperRotRotationOffset="0" allowsJointLimitMovement="false" comboTime="1">
                    <distanceToGround upper="0.79" lower="0.57"/>
                    <schema position="1 0" rotation="0" invertX="false" />
                </attacherJoint>
				<attacherJoint node="0>0|1|2" lowerRotLimit="0 0 0" upperRotRotationOffset="0" allowsJointLimitMovement="false" comboTime="1">
                    <distanceToGround upper="1.31" lower="0.4"/>
                    <schema position="1 0" rotation="0" invertX="false" />
				</attacherJoint>
				<attacherJoint node="0>0|1|3" lowerRotLimit="0 0 0" upperRotRotationOffset="0" allowsJointLimitMovement="false" comboTime="1">
                    <distanceToGround upper="1.31" lower="0.4"/>
                    <schema position="1 0" rotation="0" invertX="false" />
				</attacherJoint>
            </attacherJointConfiguration>
			
			<attacherJointConfiguration name="$l10n_configuration_valueDesign01" price="250">
                <objectChange node="0>0|1|1" visibilityActive="false"/>
				<attacherJoint node="0>0|0|11|0" jointType="trailerLow" lowerRotLimit="10 50 50" upperRotRotationOffset="0" allowsJointLimitMovement="false" comboTime="1">
                    <distanceToGround upper="0.79" lower="0.57"/>
                    <schema position="1 0" rotation="0" invertX="false" />
                </attacherJoint>
				<attacherJoint node="0>0|0|11|0" jointType="trailer" lowerRotLimit="10 50 50" upperRotRotationOffset="0" allowsJointLimitMovement="false" comboTime="1">
                    <distanceToGround upper="0.79" lower="0.57"/>
                    <schema position="1 0" rotation="0" invertX="false" />
                </attacherJoint>
            
			    <attacherJoint node="0>0|1|0|0" lowerRotLimit="0 0 0" upperRotRotationOffset="0" allowsJointLimitMovement="false" comboTime="1">
                    <distanceToGround upper="1.31" lower="0.4"/>
                    <schema position="1 0" rotation="0" invertX="false" />
                    <objectChange node="0>" centerOfMassActive="0 0.4 0.4" centerOfMassInactive="0 0.4 -0.025" />
				</attacherJoint>
				<attacherJoint node="0>0|1|2" lowerRotLimit="0 0 0" upperRotRotationOffset="0" allowsJointLimitMovement="false" comboTime="1">
                    <distanceToGround upper="1.31" lower="0.4"/>
                    <schema position="1 0" rotation="0" invertX="false" />
				</attacherJoint>
			</attacherJointConfiguration>
			
			<attacherJointConfiguration name="$l10n_configuration_valueDesign02" price="250">
                <objectChange node="0>0|1|0" visibilityActive="false"/>
				<attacherJoint node="0>0|0|11|0" jointType="trailerLow" lowerRotLimit="10 50 50" upperRotRotationOffset="0" allowsJointLimitMovement="false" comboTime="1">
                    <distanceToGround upper="0.79" lower="0.57"/>
                    <schema position="1 0" rotation="0" invertX="false" />
                </attacherJoint>
				<attacherJoint node="0>0|0|11|0" jointType="trailer" lowerRotLimit="10 50 50" upperRotRotationOffset="0" allowsJointLimitMovement="false" comboTime="1">
                    <distanceToGround upper="0.79" lower="0.57"/>
                    <schema position="1 0" rotation="0" invertX="false" />
                </attacherJoint>
				<attacherJoint node="0>0|1|2" lowerRotLimit="0 0 0" upperRotRotationOffset="0" allowsJointLimitMovement="false" comboTime="1">
                    <distanceToGround upper="1.31" lower="0.4"/>
                    <schema position="1 0" rotation="0" invertX="false" />
				</attacherJoint>
				
			    <attacherJoint node="0>0|1|1|0" lowerRotLimit="0 0 0" upperRotRotationOffset="0" allowsJointLimitMovement="false" comboTime="1">
                    <distanceToGround upper="1.31" lower="0.4"/>
                    <schema position="1 0" rotation="0" invertX="false" />
                    <objectChange node="0>" centerOfMassActive="0.3 0.4 0" centerOfMassInactive="0 0.4 -0.025" />
				</attacherJoint>
            </attacherJointConfiguration>
            
			<attacherJointConfiguration name="$l10n_configuration_valueDesign03" price="500">
				<attacherJoint node="0>0|0|11|0" jointType="trailerLow" lowerRotLimit="10 50 50" upperRotRotationOffset="0" allowsJointLimitMovement="false" comboTime="1">
                    <distanceToGround upper="0.79" lower="0.57"/>
                    <schema position="1 0" rotation="0" invertX="false" />
                </attacherJoint>
				<attacherJoint node="0>0|0|11|0" jointType="trailer" lowerRotLimit="10 50 50" upperRotRotationOffset="0" allowsJointLimitMovement="false" comboTime="1">
                    <distanceToGround upper="0.79" lower="0.57"/>
                    <schema position="1 0" rotation="0" invertX="false" />
                </attacherJoint>
            
			     <attacherJoint node="0>0|1|0|0" lowerRotLimit="0 0 0" upperRotRotationOffset="0" allowsJointLimitMovement="false" comboTime="1">
                    <distanceToGround upper="1.31" lower="0.4"/>
                    <schema position="1 0" rotation="0" invertX="false" />
                    <objectChange node="0>" centerOfMassActive="0 0.4 0.4" centerOfMassInactive="0 0.4 -0.025" />
				</attacherJoint>
			
			    <attacherJoint node="0>0|1|1|0" lowerRotLimit="0 0 0" upperRotRotationOffset="0" allowsJointLimitMovement="false" comboTime="1">
                    <distanceToGround upper="1.31" lower="0.4"/>
                    <schema position="1 0" rotation="0" invertX="false" />
                    <objectChange node="0>" centerOfMassActive="0.3 0.4 0" centerOfMassInactive="0 0.4 -0.025" />
				</attacherJoint>
            </attacherJointConfiguration>
        </attacherJointConfigurations>
	</attacherJoints>
	
	<connectionHoses>
        <connectionHoseConfigurations>
            <connectionHoseConfiguration>
                <target attacherJointIndices="3" type="electric" node="0>0|1|0|1"/>
                <target attacherJointIndices="3" type="hydraulicIn" node="0>0|1|0|2"/>
                <target attacherJointIndices="3" type="hydraulicOut" node="0>0|1|0|3"/>
				
				<target attacherJointIndices="4" type="electric" node="0>0|1|1|2"/>
                <target attacherJointIndices="4" type="hydraulicIn" node="0>0|1|1|3"/>
                <target attacherJointIndices="4" type="hydraulicOut" node="0>0|1|1|4"/>
            </connectionHoseConfiguration>
        </connectionHoseConfigurations>
    </connectionHoses>
	
    <enterable isTabbable="true" >
        <enterReferenceNode node="0>"/>
        <exitPoint node="0>0|5|1"/>

        <cameras count="2">
            <camera node="0>0|2|0|0" rotatable="true" rotateNode="0>0|2|0" limit="true" useWorldXZRotation="true" rotMinX="-1.4" rotMaxX="1" transMin="2.3" transMax="15" translation="0 0 3.4" rotation="-20 180 0">
                <raycastNode node="0>0|2|2"/>
                <raycastNode node="0>0|2|3"/>
                <raycastNode node="0>0|2|4"/>
            </camera>
            <camera node="0>0|2|1" rotatable="true" limit="true" rotMinX="-1.1" rotMaxX="0.4" transMin="0" transMax="0" useMirror="true" isInside="true" positionSmoothingParameter="0"  shadowFocusBox="0>0|2|5"/>
        </cameras>

        <characterNode node="0>0|5|0|0" cameraMinDistance="1.5" spineRotation="-90 0 90" >
            <target ikChain="rightFoot" targetNode="0>0|5|0|1" />
            <target ikChain="leftFoot"  targetNode="0>0|5|0|2" />
            <target ikChain="rightArm"  targetNode="0>0|3|0|0|0|0|0"/>
            <target ikChain="leftArm"   targetNode="0>0|3|0|0|1"/>
        </characterNode>
    </enterable>

    <drivable>
        <steeringWheel node="0>0|3|0|0" indoorRotation="25" outdoorRotation="13" />
    
	    <dashboards>
            <dashboard displayType="ROT" valueType="decelerationAxis" node="0>0|3|0|0|4|0" minRot="0 0 0" maxRot="0 -10 0" doInterpolation="true" groups="MOTOR_ACTIVE"/>
		    <dashboard displayType="ROT" valueType="accelerationAxis" node="0>0|3|0|0|0|0" minRot="0 0 0" maxRot="-45 0 0" doInterpolation="true" groups="MOTOR_ACTIVE"/>
		</dashboards>
	</drivable>

    <motorized statsType="car">
        <consumerConfigurations>
            <consumerConfiguration>
                <consumer fillUnitIndex="1" usage="7" fillType="diesel" /> <!-- usage is per hour at max load and max rpm -->
            </consumerConfiguration>
        </consumerConfigurations>

        <differentialConfigurations>
            <differentialConfiguration>
                <differentials>
                    <differential torqueRatio="0.5" maxSpeedRatio="1.5" wheelIndex1="1" wheelIndex2="2" /> <!-- front left-right -->
                    <differential torqueRatio="0.5" maxSpeedRatio="1.7" wheelIndex1="3" wheelIndex2="4" /> <!-- back left-right -->
                    <differential torqueRatio="0.5" maxSpeedRatio="1.3" differentialIndex1="1" differentialIndex2="2" /> <!-- front-back -->
                </differentials>
            </differentialConfiguration>
        </differentialConfigurations>

        <motorConfigurations>
            <motorConfiguration name="TRA 500 40km/h" hp="75" price="0">
                <motor torqueScale="0.126" minRpm="850" maxRpm="5500" maxForwardSpeed="40" maxBackwardSpeed="22" brakeForce="0.4" lowBrakeForceScale="0.15" dampingRateScale="0.2">
                    <torque normRpm="0.45" torque="0.9"/>
                    <torque normRpm="0.5" torque="0.97"/>
                    <torque normRpm="0.59" torque="1"/>
                    <torque normRpm="0.72" torque="1"/>
                    <torque normRpm="0.86" torque="0.88"/>
                    <torque normRpm="1" torque="0.72"/>
                </motor>
                <transmission autoGearChangeTime="0" gearChangeTime="0" axleRatio="0.965" name="$l10n_info_transmission_powerShift">
                    <directionChange useGear="true" reverseGearIndex="1" changeTime="0.5"/>
                    <forwardGear maxSpeed="8" />
                    <forwardGear maxSpeed="16" />
                    <forwardGear maxSpeed="24" />
                    <forwardGear maxSpeed="32" />
                    <forwardGear maxSpeed="40" />
                    
					<backwardGear maxSpeed="22" />
                </transmission>
            </motorConfiguration>
			<motorConfiguration name="TRA 500 60km/h" hp="75" price="100">
                <motor torqueScale="0.126" minRpm="850" maxRpm="5500" maxForwardSpeed="60" maxBackwardSpeed="22" brakeForce="0.4" lowBrakeForceScale="0.15" dampingRateScale="0.2">
                    <torque normRpm="0.45" torque="0.9"/>
                    <torque normRpm="0.5" torque="0.97"/>
                    <torque normRpm="0.59" torque="1"/>
                    <torque normRpm="0.72" torque="1"/>
                    <torque normRpm="0.86" torque="0.88"/>
                    <torque normRpm="1" torque="0.72"/>
                </motor>
                <transmission autoGearChangeTime="0" gearChangeTime="0" axleRatio="0.965" name="$l10n_info_transmission_powerShift">
                    <directionChange useGear="true" reverseGearIndex="1" changeTime="0.5"/>
                    <forwardGear maxSpeed="12" />
                    <forwardGear maxSpeed="24" />
                    <forwardGear maxSpeed="36" />
                    <forwardGear maxSpeed="48" />
                    <forwardGear maxSpeed="60" />
                    
					<backwardGear maxSpeed="22" />
                </transmission>
            </motorConfiguration>
			<motorConfiguration name="TRA 500 80km/h" hp="75" price="200">
                <motor torqueScale="0.126" minRpm="850" maxRpm="5500" maxForwardSpeed="80" maxBackwardSpeed="22" brakeForce="0.4" lowBrakeForceScale="0.15" dampingRateScale="0.2">
                    <torque normRpm="0.45" torque="0.9"/>
                    <torque normRpm="0.5" torque="0.97"/>
                    <torque normRpm="0.59" torque="1"/>
                    <torque normRpm="0.72" torque="1"/>
                    <torque normRpm="0.86" torque="0.88"/>
                    <torque normRpm="1" torque="0.72"/>
                </motor>
                <transmission autoGearChangeTime="0" gearChangeTime="0" axleRatio="0.965" name="$l10n_info_transmission_powerShift">
                    <directionChange useGear="true" reverseGearIndex="1" changeTime="0.5"/>
                    <forwardGear maxSpeed="16" />
                    <forwardGear maxSpeed="32" />
                    <forwardGear maxSpeed="48" />
                    <forwardGear maxSpeed="64" />
                    <forwardGear maxSpeed="80" />
                    
					<backwardGear maxSpeed="22" />
                </transmission>
            </motorConfiguration>
			<motorConfiguration name="TRA 500 100km/h" hp="75" price="300">
                <motor torqueScale="0.126" minRpm="850" maxRpm="5500" maxForwardSpeed="100" maxBackwardSpeed="22" brakeForce="0.4" lowBrakeForceScale="0.15" dampingRateScale="0.2">
                    <torque normRpm="0.45" torque="0.9"/>
                    <torque normRpm="0.5" torque="0.97"/>
                    <torque normRpm="0.59" torque="1"/>
                    <torque normRpm="0.72" torque="1"/>
                    <torque normRpm="0.86" torque="0.88"/>
                    <torque normRpm="1" torque="0.72"/>
                </motor>
                <transmission autoGearChangeTime="0" gearChangeTime="0" axleRatio="0.965" name="$l10n_info_transmission_powerShift">
                    <directionChange useGear="true" reverseGearIndex="1" changeTime="0.5"/>
                    <forwardGear maxSpeed="20" />
                    <forwardGear maxSpeed="40" />
                    <forwardGear maxSpeed="60" />
                    <forwardGear maxSpeed="80" />
                    <forwardGear maxSpeed="100" />
                    
					<backwardGear maxSpeed="22" />
                </transmission>
            </motorConfiguration>
			<motorConfiguration name="TRA 500 120km/h" hp="75" price="400">
                <motor torqueScale="0.126" minRpm="850" maxRpm="5500" maxForwardSpeed="120" maxBackwardSpeed="22" brakeForce="0.4" lowBrakeForceScale="0.15" dampingRateScale="0.2">
                    <torque normRpm="0.45" torque="0.9"/>
                    <torque normRpm="0.5" torque="0.97"/>
                    <torque normRpm="0.59" torque="1"/>
                    <torque normRpm="0.72" torque="1"/>
                    <torque normRpm="0.86" torque="0.88"/>
                    <torque normRpm="1" torque="0.72"/>
                </motor>
                <transmission autoGearChangeTime="0" gearChangeTime="0" axleRatio="0.965" name="$l10n_info_transmission_powerShift">
                    <directionChange useGear="true" reverseGearIndex="1" changeTime="0.5"/>
                    <forwardGear maxSpeed="24" />
                    <forwardGear maxSpeed="48" />
                    <forwardGear maxSpeed="72" />
                    <forwardGear maxSpeed="96" />
                    <forwardGear maxSpeed="120" />
                    
					<backwardGear maxSpeed="22" />
                </transmission>
            </motorConfiguration>
			
			<motorConfiguration name="TRA 500 40km/h" hp="75" price="50">
                <motor torqueScale="0.126" minRpm="850" maxRpm="5500" maxForwardSpeed="40" maxBackwardSpeed="22" brakeForce="0.4" lowBrakeForceScale="0.15" dampingRateScale="0.2">
                    <torque normRpm="0.45" torque="0.9"/>
                    <torque normRpm="0.5" torque="0.97"/>
                    <torque normRpm="0.59" torque="1"/>
                    <torque normRpm="0.72" torque="1"/>
                    <torque normRpm="0.86" torque="0.88"/>
                    <torque normRpm="1" torque="0.72"/>
                </motor>
                <transmission minForwardGearRatio="12.3" maxForwardGearRatio="300" minBackwardGearRatio="32" maxBackwardGearRatio="300" name="$l10n_info_transmission_cvt"/>
            </motorConfiguration>
			<motorConfiguration name="TRA 500 60km/h" hp="75" price="150">
                <motor torqueScale="0.126" minRpm="850" maxRpm="5500" maxForwardSpeed="60" maxBackwardSpeed="22" brakeForce="0.4" lowBrakeForceScale="0.15" dampingRateScale="0.2">
                    <torque normRpm="0.45" torque="0.9"/>
                    <torque normRpm="0.5" torque="0.97"/>
                    <torque normRpm="0.59" torque="1"/>
                    <torque normRpm="0.72" torque="1"/>
                    <torque normRpm="0.86" torque="0.88"/>
                    <torque normRpm="1" torque="0.72"/>
                </motor>
                <transmission minForwardGearRatio="12.3" maxForwardGearRatio="300" minBackwardGearRatio="32" maxBackwardGearRatio="300" name="$l10n_info_transmission_cvt"/>
            </motorConfiguration>
			<motorConfiguration name="TRA 500 80km/h" hp="75" price="250">
                <motor torqueScale="0.126" minRpm="850" maxRpm="5500" maxForwardSpeed="80" maxBackwardSpeed="22" brakeForce="0.4" lowBrakeForceScale="0.15" dampingRateScale="0.2">
                    <torque normRpm="0.45" torque="0.9"/>
                    <torque normRpm="0.5" torque="0.97"/>
                    <torque normRpm="0.59" torque="1"/>
                    <torque normRpm="0.72" torque="1"/>
                    <torque normRpm="0.86" torque="0.88"/>
                    <torque normRpm="1" torque="0.72"/>
                </motor>
                <transmission minForwardGearRatio="12.3" maxForwardGearRatio="300" minBackwardGearRatio="32" maxBackwardGearRatio="300" name="$l10n_info_transmission_cvt"/>
            </motorConfiguration>
			<motorConfiguration name="TRA 500 100km/h" hp="75" price="350">
                <motor torqueScale="0.126" minRpm="850" maxRpm="5500" maxForwardSpeed="100" maxBackwardSpeed="22" brakeForce="0.4" lowBrakeForceScale="0.15" dampingRateScale="0.2">
                    <torque normRpm="0.45" torque="0.9"/>
                    <torque normRpm="0.5" torque="0.97"/>
                    <torque normRpm="0.59" torque="1"/>
                    <torque normRpm="0.72" torque="1"/>
                    <torque normRpm="0.86" torque="0.88"/>
                    <torque normRpm="1" torque="0.72"/>
                </motor>
                <transmission minForwardGearRatio="12.3" maxForwardGearRatio="300" minBackwardGearRatio="32" maxBackwardGearRatio="300" name="$l10n_info_transmission_cvt"/>
            </motorConfiguration>
			<motorConfiguration name="TRA 500 120km/h" hp="75" price="450">
                <motor torqueScale="0.126" minRpm="850" maxRpm="5500" maxForwardSpeed="120" maxBackwardSpeed="22" brakeForce="0.4" lowBrakeForceScale="0.15" dampingRateScale="0.2">
                    <torque normRpm="0.45" torque="0.9"/>
                    <torque normRpm="0.5" torque="0.97"/>
                    <torque normRpm="0.59" torque="1"/>
                    <torque normRpm="0.72" torque="1"/>
                    <torque normRpm="0.86" torque="0.88"/>
                    <torque normRpm="1" torque="0.72"/>
                </motor>
                <transmission minForwardGearRatio="12.3" maxForwardGearRatio="300" minBackwardGearRatio="32" maxBackwardGearRatio="300" name="$l10n_info_transmission_cvt"/>>
            </motorConfiguration>
        </motorConfigurations>

        <exhaustEffects>
            <exhaustEffect node="0>0|5|2" filename="$data/effects/exhaust/exhaust.i3d" minRpmColor="0.9 0.9 0.9 0.1" maxRpmColor="0.9 0.9 0.9 0.4" minRpmScale="0.02" maxRpmScale="0.25" />
        </exhaustEffects>

        <motorStartDuration>3200</motorStartDuration>
    
	    <dashboards>
            <dashboard displayType="NUMBER" valueType="rpm"   numbers="0>0|3|0|0|2|2" numberColor="0 0 0" textMask="000.0" font="DIGIT" groups="MOTOR_ACTIVE"/>
            <dashboard displayType="NUMBER" valueType="speed" numbers="0>0|3|0|0|2|1" numberColor="0 0 0" textMask="0000" font="DIGIT" groups="MOTOR_ACTIVE"/>
			<dashboard displayType="NUMBER" valueType="motorTemperature" numbers="0>0|3|2|2" numberColor="0 0 0" textMask="000.0" font="DIGIT" groups="MOTOR_ACTIVE"/>
		    <dashboard displayType="ROT" valueType="clutchPedal" node="0>0|3|0|0|5|0" minRot="0" maxRot="10" rotAxis="2" doInterpolation="true" groups="MOTOR_ACTIVE"/>
		    <dashboard displayType="MULTI_STATE" valueType="ignitionState" node="0>0|3|0|0|6|0" doInterpolation="true" groups="MOTOR_ACTIVE">
                <state value="0" rotation="0 0 0"/>
                <state value="1" rotation="0 0 90"/>
                <state value="2" rotation="0 0 60"/>
            </dashboard>
		</dashboards>
	</motorized>

	<fillUnit>
        <fillUnitConfigurations>
            <fillUnitConfiguration>
                <fillUnits>
                    <fillUnit unitTextOverride="$l10n_unit_literShort" showOnHud="false" showInShop="false" fillTypes="diesel" capacity="50" />
                </fillUnits>
            </fillUnitConfiguration>
        </fillUnitConfigurations>
    </fillUnit>
	
	<cylindered>
		<movingParts>
			<movingPart node="0>0|0|2" referencePoint="0>0|0|0|2" referenceFrame="0>0|0|0|2" isActiveDirty="true" maxUpdateDistance="40"/>
			<movingPart node="0>0|0|3" referencePoint="0>0|0|0|3" referenceFrame="0>0|0|0|3" isActiveDirty="true" maxUpdateDistance="40"/>
			<movingPart node="0>0|0|4" referencePoint="0>0|0|1|2" referenceFrame="0>0|0|1|2" isActiveDirty="true" maxUpdateDistance="40"/>
			<movingPart node="0>0|0|5" referencePoint="0>0|0|1|3" referenceFrame="0>0|0|1|3" isActiveDirty="true" maxUpdateDistance="40"/>
			<movingPart node="0>0|0|6" referencePoint="0>0|0|0|4" referenceFrame="0>0|0|0|4" isActiveDirty="true" maxUpdateDistance="40"/>
			<movingPart node="0>0|0|7" referencePoint="0>0|0|1|4" referenceFrame="0>0|0|1|4" isActiveDirty="true" maxUpdateDistance="40"/>
			<movingPart node="0>0|0|10" referencePoint="0>0|0|9|4" referenceFrame="0>0|0|9|4" isActiveDirty="true" maxUpdateDistance="40"/>
			<movingPart node="0>0|0|2|0" referencePoint="0>0|5|3|0" referenceFrame="0>0|5|3|0" isActiveDirty="true" maxUpdateDistance="40">
                <translatingPart node="0>0|0|2|0|0"/>
            </movingPart>
			<movingPart node="0>0|0|4|0" referencePoint="0>0|5|3|1" referenceFrame="0>0|5|3|1" isActiveDirty="true" maxUpdateDistance="40">
                <translatingPart node="0>0|0|4|0|0"/>
            </movingPart>
			<movingPart node="0>0|0|9|2" referencePoint="0>0|5|3|2" referenceFrame="0>0|5|3|2" isActiveDirty="true" maxUpdateDistance="40">
                <translatingPart node="0>0|0|9|2|0"/>
            </movingPart>
			<movingPart node="0>0|0|2|0|1" referencePoint="0>0|0|2|0|0|0" referenceFrame="0>0|0|2|0|0|0" isActiveDirty="true" scaleZ="true" maxUpdateDistance="-"/>
			<movingPart node="0>0|0|4|0|1" referencePoint="0>0|0|4|0|0|0" referenceFrame="0>0|0|4|0|0|0" isActiveDirty="true" scaleZ="true" maxUpdateDistance="-"/>
			<movingPart node="0>0|0|9|2|1" referencePoint="0>0|0|9|2|0|0" referenceFrame="0>0|0|9|2|0|0" isActiveDirty="true" scaleZ="true" maxUpdateDistance="-"/>
            <movingPart node="0>0|0|11" referencePoint="0>0|0|9|5" referenceFrame="0>0|0|9|5" isActiveDirty="true" maxUpdateDistance="40">
		        <attacherJoint jointIndices="1 2"/>
			</movingPart>
		</movingParts>
    </cylindered>

    <suspensions>
        <suspension useCharacterTorso="true" weight="90" minRotation="0 -5 -5" maxRotation="0 5 5" suspensionParametersY="7 1" suspensionParametersZ="7 1" />
    </suspensions>

    <dashboard>
        <groups>
            <group name="MOTOR_STARTING" isMotorStarting="true"/>
            <group name="MOTOR_ACTIVE"   isMotorStarting="true" isMotorRunning="true"/>
        </groups>
		 <default>
            <dashboard displayType="EMITTER" node="0>0|3|0|0|2|0" intensity="0.3" idleValue="-1" groups="MOTOR_ACTIVE" />
 
            <dashboard displayType="EMITTER" node="0>0|3|2|1" intensity="0.3" idleValue="-1" groups="MOTOR_ACTIVE" />
 
			<dashboard displayType="VISIBILITY" node="0>0|3|0|0|2|1" groups="MOTOR_ACTIVE" />
			<dashboard displayType="VISIBILITY" node="0>0|3|0|0|2|2" groups="MOTOR_ACTIVE" />
			<dashboard displayType="VISIBILITY" node="0>0|3|2|2" groups="MOTOR_ACTIVE" />
        </default>
    </dashboard>

    <ai>
        <agent width="1.75" length="3.35" height="2.15" lengthOffset="1.05" frontOffset="2.15" />
        <collisionTrigger node="0>0|9|0" width="2.2" height="2.2"/>
    </ai>

    <honk>
        <sound template="HONK_JD_GATOR" />
    </honk>
	
    <foliageBending>
        <bendingNode minX="-0.52" maxX="0.52" minZ="-1" maxZ="1.13" yOffset="1.04" />
    </foliageBending>

    <wearable wearDuration="480" workMultiplier="5" fieldMultiplier="2"/>
    <washable dirtDuration="90" washDuration="1" workMultiplier="3" fieldMultiplier="2"/>

	<tensionBelts>
        <tensionBeltsConfigurations>
            <tensionBeltsConfiguration>
                <tensionBelts linkNode="0>0|8" jointNode="0>" width="0.055" maxEdgeLength="0.1" geometryBias="0.01" ratchetPosition="0.2" defaultOffset="0.1" defaultOffsetSide="0.1" defaultHeight="4" >
                    <tensionBelt startNode="0>0|8|0" endNode="0>0|8|0|0" />
					<tensionBelt startNode="0>0|8|1" endNode="0>0|8|1|0" />
					<tensionBelt startNode="0>0|8|2" endNode="0>0|8|2|0" />
                    <sounds>
                        <addBelt template="beltOpen" />
                        <removeBelt template="beltClose" />
                    </sounds>
                </tensionBelts>
            </tensionBeltsConfiguration>
        </tensionBeltsConfigurations>
    </tensionBelts>

	<designConfigurations>
        <designConfiguration name="$l10n_guidao1">
			<objectChange node="0>0|3|0|0|3|1" visibilityActive="false" />
			<objectChange node="0>0|3|0|0|3|2" visibilityActive="false" />
		</designConfiguration>
		<designConfiguration name="$l10n_guidao2" price="50">
			<objectChange node="0>0|3|0|0|3|0" visibilityActive="false" />
			<objectChange node="0>0|3|0|0|3|2" visibilityActive="false" />
		</designConfiguration>
		<designConfiguration name="$l10n_guidao3" price="200">
			<objectChange node="0>0|3|0|0|3|0" visibilityActive="false" />
			<objectChange node="0>0|3|0|0|3|1" visibilityActive="false" />

			<objectChange node="0>0|3|0|0|3|2|3" visibilityActive="false" />
		</designConfiguration>
		<designConfiguration name="$l10n_guidao4" price="250">
			<objectChange node="0>0|3|0|0|3|0" visibilityActive="false" />
			<objectChange node="0>0|3|0|0|3|1" visibilityActive="false" />
			<objectChange node="0>0|3|0|0|3|2|2" visibilityActive="false" />
		</designConfiguration>
    </designConfigurations>

	<design2Configurations>
        <design2Configuration name="$l10n_parachoque1">
			<objectChange node="0>0|3|1|1" visibilityActive="false" />
			<objectChange node="0>0|3|1|2" visibilityActive="false" />
        </design2Configuration>
		<design2Configuration name="$l10n_parachoque2" price="100">
			<objectChange node="0>0|3|1|0" visibilityActive="false" />
			<objectChange node="0>0|3|1|2" visibilityActive="false" />
        </design2Configuration>
		<design2Configuration name="$l10n_parachoque3" price="100">
			<objectChange node="0>0|3|1|1" visibilityActive="false" />
        </design2Configuration>
		<design2Configuration name="$l10n_parachoque4" price="200">
			<objectChange node="0>0|3|1|0" visibilityActive="false" />
        </design2Configuration>
    </design2Configurations>

    <design3Configurations>
        <design3Configuration name="$l10n_configuration_valueDefault">
			<objectChange node="0>0|3|2" visibilityActive="false" />
			<objectChange node="0>0|10|0" compoundChildActive="false" />
			<objectChange node="0>0|10|1" compoundChildActive="false" />
			<objectChange node="0>0|10|2" compoundChildActive="false" />
			<objectChange node="0>0|1|1|1" visibilityActive="false" />
        </design3Configuration>
		
		<design3Configuration name="$l10n_cobertura" price="500">
			<objectChange node="0>0|8|0" translationActive="0.468 -0.231 -0.219"/>
            <objectChange node="0>0|8|0|0" translationActive="0.906 0 0"/>
			<objectChange node="0>0|8|1" translationActive="0.553 -0.157 -1.825"/>
			<objectChange node="0>0|8|1|0" translationActive="0 0 1.078"/>
			<objectChange node="0>0|8|2" translationActive="0.553 -0.157 -2.126"/>
			<objectChange node="0>0|8|2|0" translationActive="0 0 1.078"/>
        </design3Configuration>
    </design3Configurations>
	
	<design4Configurations title="$l10n_camuflagem">
        <design4Configuration name="$l10n_configuration_valueDefault">
			<objectChange node="0>0|3|3|1" visibilityActive="false" />
			<objectChange node="0>0|3|3|2" visibilityActive="false" />
			<objectChange node="0>0|3|3|3" visibilityActive="false" />
			<objectChange node="0>0|3|3|4" visibilityActive="false" />
			<objectChange node="0>0|3|3|5" visibilityActive="false" />
			<objectChange node="0>0|3|3|6" visibilityActive="false" />
			<objectChange node="0>0|3|3|7" visibilityActive="false" />
			<objectChange node="0>0|3|3|8" visibilityActive="false" />
        </design4Configuration>
		<design4Configuration name="$l10n_configuration_valueDesign01" price="500">
			<objectChange node="0>0|3|3|0" visibilityActive="false" />
			<objectChange node="0>0|3|3|2" visibilityActive="false" />
			<objectChange node="0>0|3|3|3" visibilityActive="false" />
			<objectChange node="0>0|3|3|4" visibilityActive="false" />
			<objectChange node="0>0|3|3|5" visibilityActive="false" />
			<objectChange node="0>0|3|3|6" visibilityActive="false" />
			<objectChange node="0>0|3|3|7" visibilityActive="false" />
			<objectChange node="0>0|3|3|8" visibilityActive="false" />
        </design4Configuration>
		<design4Configuration name="$l10n_configuration_valueDesign02" price="500">
			<objectChange node="0>0|3|3|0" visibilityActive="false" />
			<objectChange node="0>0|3|3|1" visibilityActive="false" />
			<objectChange node="0>0|3|3|3" visibilityActive="false" />
			<objectChange node="0>0|3|3|4" visibilityActive="false" />
			<objectChange node="0>0|3|3|5" visibilityActive="false" />
			<objectChange node="0>0|3|3|6" visibilityActive="false" />
			<objectChange node="0>0|3|3|7" visibilityActive="false" />
			<objectChange node="0>0|3|3|8" visibilityActive="false" />
        </design4Configuration>
		<design4Configuration name="$l10n_configuration_valueDesign03" price="500">
			<objectChange node="0>0|3|3|0" visibilityActive="false" />
			<objectChange node="0>0|3|3|1" visibilityActive="false" />
			<objectChange node="0>0|3|3|2" visibilityActive="false" />
			<objectChange node="0>0|3|3|4" visibilityActive="false" />
			<objectChange node="0>0|3|3|5" visibilityActive="false" />
			<objectChange node="0>0|3|3|6" visibilityActive="false" />
			<objectChange node="0>0|3|3|7" visibilityActive="false" />
			<objectChange node="0>0|3|3|8" visibilityActive="false" />
        </design4Configuration>
		<design4Configuration name="$l10n_configuration_valueDesign04" price="500">
			<objectChange node="0>0|3|3|0" visibilityActive="false" />
			<objectChange node="0>0|3|3|1" visibilityActive="false" />
			<objectChange node="0>0|3|3|2" visibilityActive="false" />
			<objectChange node="0>0|3|3|3" visibilityActive="false" />
			<objectChange node="0>0|3|3|5" visibilityActive="false" />
			<objectChange node="0>0|3|3|6" visibilityActive="false" />
			<objectChange node="0>0|3|3|7" visibilityActive="false" />
			<objectChange node="0>0|3|3|8" visibilityActive="false" />
        </design4Configuration>
		<design4Configuration name="$l10n_configuration_valueDesign05" price="500">
			<objectChange node="0>0|3|3|0" visibilityActive="false" />
			<objectChange node="0>0|3|3|1" visibilityActive="false" />
			<objectChange node="0>0|3|3|2" visibilityActive="false" />
			<objectChange node="0>0|3|3|3" visibilityActive="false" />
			<objectChange node="0>0|3|3|4" visibilityActive="false" />
			<objectChange node="0>0|3|3|6" visibilityActive="false" />
			<objectChange node="0>0|3|3|7" visibilityActive="false" />
			<objectChange node="0>0|3|3|8" visibilityActive="false" />
        </design4Configuration>
		<design4Configuration name="$l10n_configuration_valueDesign06" price="500">
			<objectChange node="0>0|3|3|0" visibilityActive="false" />
			<objectChange node="0>0|3|3|1" visibilityActive="false" />
			<objectChange node="0>0|3|3|2" visibilityActive="false" />
			<objectChange node="0>0|3|3|3" visibilityActive="false" />
			<objectChange node="0>0|3|3|4" visibilityActive="false" />
			<objectChange node="0>0|3|3|5" visibilityActive="false" />
			<objectChange node="0>0|3|3|7" visibilityActive="false" />
			<objectChange node="0>0|3|3|8" visibilityActive="false" />
        </design4Configuration>
		<design4Configuration name="$l10n_configuration_valueDesign07" price="500">
			<objectChange node="0>0|3|3|0" visibilityActive="false" />
			<objectChange node="0>0|3|3|1" visibilityActive="false" />
			<objectChange node="0>0|3|3|2" visibilityActive="false" />
			<objectChange node="0>0|3|3|3" visibilityActive="false" />
			<objectChange node="0>0|3|3|4" visibilityActive="false" />
			<objectChange node="0>0|3|3|5" visibilityActive="false" />
			<objectChange node="0>0|3|3|6" visibilityActive="false" />
			<objectChange node="0>0|3|3|8" visibilityActive="false" />
        </design4Configuration>
		<design4Configuration name="$l10n_configuration_valueDesign08" price="500">
			<objectChange node="0>0|3|3|0" visibilityActive="false" />
			<objectChange node="0>0|3|3|1" visibilityActive="false" />
			<objectChange node="0>0|3|3|2" visibilityActive="false" />
			<objectChange node="0>0|3|3|3" visibilityActive="false" />
			<objectChange node="0>0|3|3|4" visibilityActive="false" />
			<objectChange node="0>0|3|3|5" visibilityActive="false" />
			<objectChange node="0>0|3|3|6" visibilityActive="false" />
			<objectChange node="0>0|3|3|7" visibilityActive="false" />
        </design4Configuration>
    </design4Configurations>

	<baseMaterial>
        <material name="quad" baseNode="0>0|3|3|0">
            <shaderParameter name="colorMat0" value="SHARED_GREY2"/>
        </material>
		<material name="guidao" baseNode="0>0|3|0|0|3|1">
            <shaderParameter name="colorMat0" value="SHARED_GREY2"/>
        </material>
		<material name="molas" baseNode="0>0|0|2|0|1">
            <shaderParameter name="colorMat0" value="SHARED_GREY2"/>
        </material>
		<material name="pastilhaFreio" baseNode="0>0|0|0|5">
            <shaderParameter name="colorMat0" value="SHARED_GREY2"/>
        </material>
		<material name="tolda" baseNode="0>0|3|2">
            <shaderParameter name="colorMat6" value="SHARED_GREY2"/>
        </material>
		<material name="parachoque" baseNode="0>0|3|1|2">
            <shaderParameter name="colorMat7" value="SHARED_GREY2"/>
        </material>
    </baseMaterial>
	
	<baseMaterialConfigurations price="50" useDefaultColors="true" defaultColorIndex="14">		
		<baseMaterialConfiguration name="$l10n_Blackmetallic" color="FIAT_BLACKPAINT"  material="0" />
		<baseMaterialConfiguration name="$l10n_Bluemetallic" color="FLIEGL_BLUE1" material="27" />
        <baseMaterialConfiguration name="$l10n_MANblue" color="MAN_BLUE6"/>
		<baseMaterialConfiguration name="$l10n_MENGELEblue" color="0.0759 0.3392 0.4205 0"/>
		<baseMaterialConfiguration name="$l10n_VICONDARKblue" color="VICON_DARKBLUE"/>		
		<baseMaterialConfiguration name="$l10n_Darkred" color="0.3 0.02 0.01" material="0" />
		<baseMaterialConfiguration name="$l10n_MENGELEred" color="0.7372 0.0151 0.0265 1"/>
        <baseMaterialConfiguration name="$l10n_VICONred" color="VICON_RED1"/>	
		<baseMaterialConfiguration name="$l10n_ANNABURGERred" color="ANNABURGER_RED1"/>
		<baseMaterialConfiguration name="$l10n_STRAUTMANNred" color="STRAUTMANN_RED1"/>
		<baseMaterialConfiguration name="$l10n_Purplemetallic" color="LIZARD_PURPLE1" material="27" />
        <baseMaterialConfiguration name="$l10n_Orangemetallic" color="FIAT_ORANGEPAINT" material="27" />
		<baseMaterialConfiguration name="$l10n_Claasmonstermetallic" color="0.4 0.6 0.02 1.0" material="27"  />
        <baseMaterialConfiguration name="$l10n_Redmetallic" color="FLIEGL_RED1" material="27" />
        <baseMaterialConfiguration name="$l10n_Yellowmetallic" color="BEDNAR_YELLOW1" material="27" />
        <baseMaterialConfiguration name="$l10n_Brownmetallic" color="FLIEGL_BROWN1" material="27" />
		<baseMaterialConfiguration name="$l10n_KAWECOgrey" color="0.8671 0.7893 0.6253 1"/>
		<baseMaterialConfiguration name="$l10n_BRIRIgrey" color="0.4423 0.4423 0.4534 1"/>
        <baseMaterialConfiguration name="$l10n_HAWEgrey" color="0.0962 0.0962 0.0962 1"/>
        <baseMaterialConfiguration name="$l10n_TEBBEgrey" color="0.6940 0.6940 0.6940 1"/>
		<baseMaterialConfiguration name="$l10n_Blackchrome" color="SHARED_BLACK2" material="2" />
		<baseMaterialConfiguration name="$l10n_Blackcherry" color="0.010 0 0 1" material="0" />
		<baseMaterialConfiguration name="$l10n_Blackcherrymetallic" color="0.010 0 0 1" material="27" />
		<baseMaterialConfiguration name="$l10n_Stainlesssteel" color="SHARED_WHITE2" material="35"/>
		<baseMaterialConfiguration name="$l10n_Dark" color="0.02 0.02 0.02" material="27" />
		<baseMaterialConfiguration name="$l10n_Chrome" color="SHARED_WHITE2" material="2"/>
		<baseMaterialConfiguration name="$l10n_Silver" color="SHARED_GREY2" material="27" />
		<baseMaterialConfiguration name="$l10n_Silvermetallic" color="ITRUNNER_WHITE1" material="27"/>
		<baseMaterialConfiguration name="$l10n_Ice" color="0.455 0.855 1 1.0" material="0" />
		<baseMaterialConfiguration name="$l10n_Pearlwhite" color="FIAT_WHITEPAINT" material="18" />
		<baseMaterialConfiguration name="$l10n_BERGMANNwhite" color="ITRUNNER_WHITE1" material="0"/>
		<baseMaterialConfiguration name="$l10n_ANNABURGERwhite" color="ANNABURGER_WHITE1"/>
		<baseMaterialConfiguration name="$l10n_ExleyFav" color="0.041 0.245 0.223 1.0" material="27" />
		<baseMaterialConfiguration name="$l10n_MANbeige" color="MAN_BEIGECLASSIC"/>		
	    <baseMaterialConfiguration name="$l10n_Beigie" color="0.302 0.255 0.17" material="0" />
		<baseMaterialConfiguration name="$l10n_Greenmetallic" color="FIAT_GREENPAINT" material="27" />
		<baseMaterialConfiguration name="$l10n_KRONEgreen" color="KRONE_GREEN1" material="32"/>
		<baseMaterialConfiguration name="$l10n_STARAgreen" color="STARA_GREEN" material="32"/>
        <baseMaterialConfiguration name="$l10n_BERGMANNgreen" color="BERGMANN_GREEN1"/>
        <baseMaterialConfiguration name="$l10n_JOSKINgreen" color="JOSKIN_GREEN1"/>
		<baseMaterialConfiguration name="$l10n_STRAUTMANNgreen" color="STRAUTMANN_GREEN1"/>
		<baseMaterialConfiguration name="$l10n_HAWEgreen" color="0.0697 0.1541 0.0545 1"/>
		<baseMaterialConfiguration name="$l10n_TEBBEgreen" color="0.0008 0.3685 0.1449 1"/>
		<baseMaterialConfiguration name="$l10n_KAWECOgreen" color="0.4 0.6 0.05 1"/>
		<baseMaterialConfiguration name="$l10n_BRIRIgreen" color="0.0461 0.0600 0.0414 1"/>
		<baseMaterialConfiguration name="$l10n_MANoldgreen" color="MAN_OLDGREEN"/>		
	    <baseMaterialConfiguration name="$l10n_JOSKINyellow" color="JOSKIN_YELLOW1"/>
		<baseMaterialConfiguration name="$l10n_KRONEyellow" color="KRONE_YELLOW1" material="32"/>
        <baseMaterialConfiguration name="$l10n_STARAorange" color="STARA_ORANGE" material="32"/>
		<baseMaterialConfiguration name="$l10n_KAWECorange" color="0.98 0.31 0.02 1"/>
		<baseMaterialConfiguration name="$l10n_Claas" color="0.4 0.6 0.02 1.0" material="0" />
        <baseMaterialConfiguration name="$l10n_ClaasCat" color="0.800 0.443 0.008 1.0" material="0" />
        <baseMaterialConfiguration name="$l10n_Claasmonster" color="0.4 0.6 0.02 1.0" material="0"  />
		<baseMaterialConfiguration name="$l10n_Midnightpurple" color="0.001 0 0.015 1" material="0" />
		
		<baseMaterialConfiguration name="$l10n_Bluemetallic" color="0 0 0.2 0.1" material="0" />
		<material name="quad" shaderParameter="colorMat0" />
		<material name="guidao" shaderParameter="colorMat0" />
    </baseMaterialConfigurations>

	<designMaterialConfigurations price="50" useDefaultColors="true" defaultColorIndex="14">
		<designMaterialConfiguration name="$l10n_Blackmetallic" color="FIAT_BLACKPAINT"  material="0" />
		<designMaterialConfiguration name="$l10n_Bluemetallic" color="FLIEGL_BLUE1" material="27" />
        <designMaterialConfiguration name="$l10n_MANblue" color="MAN_BLUE6"/>
		<designMaterialConfiguration name="$l10n_MENGELEblue" color="0.0759 0.3392 0.4205 0"/>
		<designMaterialConfiguration name="$l10n_VICONDARKblue" color="VICON_DARKBLUE"/>		
		<designMaterialConfiguration name="$l10n_Darkred" color="0.3 0.02 0.01" material="0" />
		<designMaterialConfiguration name="$l10n_MENGELEred" color="0.7372 0.0151 0.0265 1"/>
        <designMaterialConfiguration name="$l10n_VICONred" color="VICON_RED1"/>	
		<designMaterialConfiguration name="$l10n_ANNABURGERred" color="ANNABURGER_RED1"/>
		<designMaterialConfiguration name="$l10n_STRAUTMANNred" color="STRAUTMANN_RED1"/>
		<designMaterialConfiguration name="$l10n_Purplemetallic" color="LIZARD_PURPLE1" material="27" />
        <designMaterialConfiguration name="$l10n_Orangemetallic" color="FIAT_ORANGEPAINT" material="27" />
		<designMaterialConfiguration name="Claasmonstermetallic" color="0.4 0.6 0.02 1.0" material="27"  />
        <designMaterialConfiguration name="$l10n_Redmetallic" color="FLIEGL_RED1" material="27" />
        <designMaterialConfiguration name="$l10n_Yellowmetallic" color="BEDNAR_YELLOW1" material="27" />
        <designMaterialConfiguration name="$l10n_Brownmetallic" color="FLIEGL_BROWN1" material="27" />
		<designMaterialConfiguration name="$l10n_KAWECOgrey" color="0.8671 0.7893 0.6253 1"/>
		<designMaterialConfiguration name="$l10n_BRIRIgrey" color="0.4423 0.4423 0.4534 1"/>
        <designMaterialConfiguration name="$l10n_HAWEgrey" color="0.0962 0.0962 0.0962 1"/>
        <designMaterialConfiguration name="$l10n_TEBBEgrey" color="0.6940 0.6940 0.6940 1"/>
		<designMaterialConfiguration name="$l10n_Blackchrome" color="SHARED_BLACK2" material="2" />
		<designMaterialConfiguration name="$l10n_Blackcherry" color="0.010 0 0 1" material="0" />
		<designMaterialConfiguration name="$l10n_Blackcherrymetallic" color="0.010 0 0 1" material="27" />
		<designMaterialConfiguration name="$l10n_Stainlesssteel" color="SHARED_WHITE2" material="35"/>
		<designMaterialConfiguration name="$l10n_Dark" color="0.02 0.02 0.02" material="27" />
		<designMaterialConfiguration name="$l10n_Chrome" color="SHARED_WHITE2" material="2"/>
		<designMaterialConfiguration name="$l10n_Silver" color="SHARED_GREY2" material="27" />
		<designMaterialConfiguration name="$l10n_Silvermetallic" color="ITRUNNER_WHITE1" material="27"/>
		<designMaterialConfiguration name="$l10n_Ice" color="0.455 0.855 1 1.0" material="0" />
		<designMaterialConfiguration name="$l10n_Pearlwhite" color="FIAT_WHITEPAINT" material="18" />
		<designMaterialConfiguration name="$l10n_BERGMANNwhite" color="ITRUNNER_WHITE1" material="0"/>
		<designMaterialConfiguration name="$l10n_ANNABURGERwhite" color="ANNABURGER_WHITE1"/>
		<designMaterialConfiguration name="$l10n_ExleyFav" color="0.041 0.245 0.223 1.0" material="27" />
		<designMaterialConfiguration name="$l10n_MANbeige" color="MAN_BEIGECLASSIC"/>		
	    <designMaterialConfiguration name="$l10n_Beigie" color="0.302 0.255 0.17" material="0" />
		<designMaterialConfiguration name="$l10n_Greenmetallic" color="FIAT_GREENPAINT" material="27" />
		<designMaterialConfiguration name="$l10n_KRONEgreen" color="KRONE_GREEN1" material="32"/>
		<designMaterialConfiguration name="$l10n_STARAgreen" color="STARA_GREEN" material="32"/>
        <designMaterialConfiguration name="$l10n_BERGMANNgreen" color="BERGMANN_GREEN1"/>
        <designMaterialConfiguration name="$l10n_JOSKINgreen" color="JOSKIN_GREEN1"/>
		<designMaterialConfiguration name="$l10n_STRAUTMANNgreen" color="STRAUTMANN_GREEN1"/>
		<designMaterialConfiguration name="$l10n_HAWEgreen" color="0.0697 0.1541 0.0545 1"/>
		<designMaterialConfiguration name="$l10n_TEBBEgreen" color="0.0008 0.3685 0.1449 1"/>
		<designMaterialConfiguration name="$l10n_KAWECOgreen" color="0.4 0.6 0.05 1"/>
		<designMaterialConfiguration name="$l10n_BRIRIgreen" color="0.0461 0.0600 0.0414 1"/>
		<designMaterialConfiguration name="$l10n_MANoldgreen" color="MAN_OLDGREEN"/>		
	    <designMaterialConfiguration name="$l10n_JOSKINyellow" color="JOSKIN_YELLOW1"/>
		<designMaterialConfiguration name="$l10n_KRONEyellow" color="KRONE_YELLOW1" material="32"/>
        <designMaterialConfiguration name="$l10n_STARAorange" color="STARA_ORANGE" material="32"/>
		<designMaterialConfiguration name="$l10n_KAWECorange" color="0.98 0.31 0.02 1"/>
		<designMaterialConfiguration name="$l10n_Claas" color="0.4 0.6 0.02 1.0" material="0" />
        <designMaterialConfiguration name="$l10n_ClaasCat" color="0.800 0.443 0.008 1.0" material="0" />
        <designMaterialConfiguration name="$l10n_Claasmonster" color="0.4 0.6 0.02 1.0" material="0"  />
		<designMaterialConfiguration name="$l10n_Midnightpurple" color="0.001 0 0.015 1" material="0" />
		<designMaterialConfiguration name="$l10n_Bluemetallic" color="0 0 0.2 0.1" material="0" />
		<material name="molas" shaderParameter="colorMat0" />
		<material name="pastilhaFreio" shaderParameter="colorMat0" />
    </designMaterialConfigurations>
	
	<designMaterial2Configurations price="50" useDefaultColors="true" defaultColorIndex="14">
		<designMaterial2Configuration name="$l10n_Blackmetallic" color="FIAT_BLACKPAINT"  material="0" />
		<designMaterial2Configuration name="$l10n_Bluemetallic" color="FLIEGL_BLUE1" material="27" />
        <designMaterial2Configuration name="$l10n_MANblue" color="MAN_BLUE6"/>
		<designMaterial2Configuration name="$l10n_MENGELEblue" color="0.0759 0.3392 0.4205 0"/>
		<designMaterial2Configuration name="$l10n_VICONDARKblue" color="VICON_DARKBLUE"/>		
		<designMaterial2Configuration name="$l10n_Darkred" color="0.3 0.02 0.01" material="0" />
		<designMaterial2Configuration name="$l10n_MENGELEred" color="0.7372 0.0151 0.0265 1"/>
        <designMaterial2Configuration name="$l10n_VICONred" color="VICON_RED1"/>	
		<designMaterial2Configuration name="$l10n_ANNABURGERred" color="ANNABURGER_RED1"/>
		<designMaterial2Configuration name="$l10n_STRAUTMANNred" color="STRAUTMANN_RED1"/>
		<designMaterial2Configuration name="$l10n_Purplemetallic" color="LIZARD_PURPLE1" material="27" />
        <designMaterial2Configuration name="$l10n_Orangemetallic" color="FIAT_ORANGEPAINT" material="27" />
		<designMaterial2Configuration name="Claasmonstermetallic" color="0.4 0.6 0.02 1.0" material="27"  />
        <designMaterial2Configuration name="$l10n_Redmetallic" color="FLIEGL_RED1" material="27" />
        <designMaterial2Configuration name="$l10n_Yellowmetallic" color="BEDNAR_YELLOW1" material="27" />
        <designMaterial2Configuration name="$l10n_Brownmetallic" color="FLIEGL_BROWN1" material="27" />
		<designMaterial2Configuration name="$l10n_KAWECOgrey" color="0.8671 0.7893 0.6253 1"/>
		<designMaterial2Configuration name="$l10n_BRIRIgrey" color="0.4423 0.4423 0.4534 1"/>
        <designMaterial2Configuration name="$l10n_HAWEgrey" color="0.0962 0.0962 0.0962 1"/>
        <designMaterial2Configuration name="$l10n_TEBBEgrey" color="0.6940 0.6940 0.6940 1"/>
		<designMaterial2Configuration name="$l10n_Blackchrome" color="SHARED_BLACK2" material="2" />
		<designMaterial2Configuration name="$l10n_Blackcherry" color="0.010 0 0 1" material="0" />
		<designMaterial2Configuration name="$l10n_Blackcherrymetallic" color="0.010 0 0 1" material="27" />
		<designMaterial2Configuration name="$l10n_Stainlesssteel" color="SHARED_WHITE2" material="35"/>
		<designMaterial2Configuration name="$l10n_Dark" color="0.02 0.02 0.02" material="27" />
		<designMaterial2Configuration name="$l10n_Chrome" color="SHARED_WHITE2" material="2"/>
		<designMaterial2Configuration name="$l10n_Silver" color="SHARED_GREY2" material="27" />
		<designMaterial2Configuration name="$l10n_Silvermetallic" color="ITRUNNER_WHITE1" material="27"/>
		<designMaterial2Configuration name="$l10n_Ice" color="0.455 0.855 1 1.0" material="0" />
		<designMaterial2Configuration name="$l10n_Pearlwhite" color="FIAT_WHITEPAINT" material="18" />
		<designMaterial2Configuration name="$l10n_BERGMANNwhite" color="ITRUNNER_WHITE1" material="0"/>
		<designMaterial2Configuration name="$l10n_ANNABURGERwhite" color="ANNABURGER_WHITE1"/>
		<designMaterial2Configuration name="$l10n_ExleyFav" color="0.041 0.245 0.223 1.0" material="27" />
		<designMaterial2Configuration name="$l10n_MANbeige" color="MAN_BEIGECLASSIC"/>		
	    <designMaterial2Configuration name="$l10n_Beigie" color="0.302 0.255 0.17" material="0" />
		<designMaterial2Configuration name="$l10n_Greenmetallic" color="FIAT_GREENPAINT" material="27" />
		<designMaterial2Configuration name="$l10n_KRONEgreen" color="KRONE_GREEN1" material="32"/>
		<designMaterial2Configuration name="$l10n_STARAgreen" color="STARA_GREEN" material="32"/>
        <designMaterial2Configuration name="$l10n_BERGMANNgreen" color="BERGMANN_GREEN1"/>
        <designMaterial2Configuration name="$l10n_JOSKINgreen" color="JOSKIN_GREEN1"/>
		<designMaterial2Configuration name="$l10n_STRAUTMANNgreen" color="STRAUTMANN_GREEN1"/>
		<designMaterial2Configuration name="$l10n_HAWEgreen" color="0.0697 0.1541 0.0545 1"/>
		<designMaterial2Configuration name="$l10n_TEBBEgreen" color="0.0008 0.3685 0.1449 1"/>
		<designMaterial2Configuration name="$l10n_KAWECOgreen" color="0.4 0.6 0.05 1"/>
		<designMaterial2Configuration name="$l10n_BRIRIgreen" color="0.0461 0.0600 0.0414 1"/>
		<designMaterial2Configuration name="$l10n_MANoldgreen" color="MAN_OLDGREEN"/>		
	    <designMaterial2Configuration name="$l10n_JOSKINyellow" color="JOSKIN_YELLOW1"/>
		<designMaterial2Configuration name="$l10n_KRONEyellow" color="KRONE_YELLOW1" material="32"/>
        <designMaterial2Configuration name="$l10n_STARAorange" color="STARA_ORANGE" material="32"/>
		<designMaterial2Configuration name="$l10n_KAWECorange" color="0.98 0.31 0.02 1"/>
		<designMaterial2Configuration name="$l10n_Claas" color="0.4 0.6 0.02 1.0" material="0" />
        <designMaterial2Configuration name="$l10n_ClaasCat" color="0.800 0.443 0.008 1.0" material="0" />
        <designMaterial2Configuration name="$l10n_Claasmonster" color="0.4 0.6 0.02 1.0" material="0"  />
		<designMaterial2Configuration name="$l10n_Midnightpurple" color="0.001 0 0.015 1" material="0" />
		
		<designMaterial2Configuration name="$l10n_Bluemetallic" color="0 0 0.2 0.1" material="0" />
		<material name="tolda" shaderParameter="colorMat6" />
    </designMaterial2Configurations>
	
	<designMaterial3Configurations price="50" useDefaultColors="true" defaultColorIndex="14">
		<designMaterial3Configuration name="$l10n_Blackmetallic" color="FIAT_BLACKPAINT"  material="0" />
		<designMaterial3Configuration name="$l10n_Bluemetallic" color="FLIEGL_BLUE1" material="27" />
        <designMaterial3Configuration name="$l10n_MANblue" color="MAN_BLUE6"/>
		<designMaterial3Configuration name="$l10n_MENGELEblue" color="0.0759 0.3392 0.4205 0"/>
		<designMaterial3Configuration name="$l10n_VICONDARKblue" color="VICON_DARKBLUE"/>		
		<designMaterial3Configuration name="$l10n_Darkred" color="0.3 0.02 0.01" material="0" />
		<designMaterial3Configuration name="$l10n_MENGELEred" color="0.7372 0.0151 0.0265 1"/>
        <designMaterial3Configuration name="$l10n_VICONred" color="VICON_RED1"/>	
		<designMaterial3Configuration name="$l10n_ANNABURGERred" color="ANNABURGER_RED1"/>
		<designMaterial3Configuration name="$l10n_STRAUTMANNred" color="STRAUTMANN_RED1"/>
		<designMaterial3Configuration name="$l10n_Purplemetallic" color="LIZARD_PURPLE1" material="27" />
        <designMaterial3Configuration name="$l10n_Orangemetallic" color="FIAT_ORANGEPAINT" material="27" />
		<designMaterial3Configuration name="Claasmonstermetallic" color="0.4 0.6 0.02 1.0" material="27"  />
        <designMaterial3Configuration name="$l10n_Redmetallic" color="FLIEGL_RED1" material="27" />
        <designMaterial3Configuration name="$l10n_Yellowmetallic" color="BEDNAR_YELLOW1" material="27" />
        <designMaterial3Configuration name="$l10n_Brownmetallic" color="FLIEGL_BROWN1" material="27" />
		<designMaterial3Configuration name="$l10n_KAWECOgrey" color="0.8671 0.7893 0.6253 1"/>
		<designMaterial3Configuration name="$l10n_BRIRIgrey" color="0.4423 0.4423 0.4534 1"/>
        <designMaterial3Configuration name="$l10n_HAWEgrey" color="0.0962 0.0962 0.0962 1"/>
        <designMaterial3Configuration name="$l10n_TEBBEgrey" color="0.6940 0.6940 0.6940 1"/>
		<designMaterial3Configuration name="$l10n_Blackchrome" color="SHARED_BLACK2" material="2" />
		<designMaterial3Configuration name="$l10n_Blackcherry" color="0.010 0 0 1" material="0" />
		<designMaterial3Configuration name="$l10n_Blackcherrymetallic" color="0.010 0 0 1" material="27" />
		<designMaterial3Configuration name="$l10n_Stainlesssteel" color="SHARED_WHITE2" material="35"/>
		<designMaterial3Configuration name="$l10n_Dark" color="0.02 0.02 0.02" material="27" />
		<designMaterial3Configuration name="$l10n_Chrome" color="SHARED_WHITE2" material="2"/>
		<designMaterial3Configuration name="$l10n_Silver" color="SHARED_GREY2" material="27" />
		<designMaterial3Configuration name="$l10n_Silvermetallic" color="ITRUNNER_WHITE1" material="27"/>
		<designMaterial3Configuration name="$l10n_Ice" color="0.455 0.855 1 1.0" material="0" />
		<designMaterial3Configuration name="$l10n_Pearlwhite" color="FIAT_WHITEPAINT" material="18" />
		<designMaterial3Configuration name="$l10n_BERGMANNwhite" color="ITRUNNER_WHITE1" material="0"/>
		<designMaterial3Configuration name="$l10n_ANNABURGERwhite" color="ANNABURGER_WHITE1"/>
		<designMaterial3Configuration name="$l10n_ExleyFav" color="0.041 0.245 0.223 1.0" material="27" />
		<designMaterial3Configuration name="$l10n_MANbeige" color="MAN_BEIGECLASSIC"/>		
	    <designMaterial3Configuration name="$l10n_Beigie" color="0.302 0.255 0.17" material="0" />
		<designMaterial3Configuration name="$l10n_Greenmetallic" color="FIAT_GREENPAINT" material="27" />
		<designMaterial3Configuration name="$l10n_KRONEgreen" color="KRONE_GREEN1" material="32"/>
		<designMaterial3Configuration name="$l10n_STARAgreen" color="STARA_GREEN" material="32"/>
        <designMaterial3Configuration name="$l10n_BERGMANNgreen" color="BERGMANN_GREEN1"/>
        <designMaterial3Configuration name="$l10n_JOSKINgreen" color="JOSKIN_GREEN1"/>
		<designMaterial3Configuration name="$l10n_STRAUTMANNgreen" color="STRAUTMANN_GREEN1"/>
		<designMaterial3Configuration name="$l10n_HAWEgreen" color="0.0697 0.1541 0.0545 1"/>
		<designMaterial3Configuration name="$l10n_TEBBEgreen" color="0.0008 0.3685 0.1449 1"/>
		<designMaterial3Configuration name="$l10n_KAWECOgreen" color="0.4 0.6 0.05 1"/>
		<designMaterial3Configuration name="$l10n_BRIRIgreen" color="0.0461 0.0600 0.0414 1"/>
		<designMaterial3Configuration name="$l10n_MANoldgreen" color="MAN_OLDGREEN"/>		
	    <designMaterial3Configuration name="$l10n_JOSKINyellow" color="JOSKIN_YELLOW1"/>
		<designMaterial3Configuration name="$l10n_KRONEyellow" color="KRONE_YELLOW1" material="32"/>
        <designMaterial3Configuration name="$l10n_STARAorange" color="STARA_ORANGE" material="32"/>
		<designMaterial3Configuration name="$l10n_KAWECorange" color="0.98 0.31 0.02 1"/>
		<designMaterial3Configuration name="$l10n_Claas" color="0.4 0.6 0.02 1.0" material="0" />
        <designMaterial3Configuration name="$l10n_ClaasCat" color="0.800 0.443 0.008 1.0" material="0" />
        <designMaterial3Configuration name="$l10n_Claasmonster" color="0.4 0.6 0.02 1.0" material="0"  />
		<designMaterial3Configuration name="$l10n_Midnightpurple" color="0.001 0 0.015 1" material="0" />
		
		<designMaterial3Configuration name="$l10n_Bluemetallic" color="0 0 0.2 0.1" material="0" />
		<material name="parachoque" shaderParameter="colorMat7" />
    </designMaterial3Configurations>
   
</vehicle>
