﻿<?xml version="1.0" encoding="utf-8" standalone="no" ?>
<modDesc descVersion="65">
    <author>Agro Tonho</author>
    <version>1.5.0.0</version>
    <title>
        <en>Lizard TRA 500</en>
    </title>
    <description>
        <en>
<![CDATA[
Lizard TRA 500 is a multipurpose quad for your farm. It can be used for tours, or you can use it for smaller transports.

- Price: 13,000 $
- Power: 75 hp
- Two Tire Options
- Two different handlebar models, each model with black or main color option.
- Color options, this being the bodywork, suspension springs and wheels
- 3 bumper models, the third being used together with the two previous configurations.
- Optional coverage
- Optional couplings

Changelog 1.5.0.0:
- Added optional colors for the cover and bumper
- 3 different rims added
- 7 more tire models
- Option of 8 different camouflages
- Added brake, clutch, key, throttle and light activation animations]]>
        </en>
        <de>
<![CDATA[
Lizard TRA 500 ist ein Mehrzweck Quad für deinen Hof. Es kann für Touren genutzt werden, oder du kannst damit kleinere Transporte erledigen.

- Preis: 13.000 €
- Leistung: 75 PS
- Zwei Reifenoptionen
- Zwei verschiedene Lenkermodelle, jedes Modell wahlweise in schwarz oder in der Hauptfarbe.
- Farboptionen, d. h. Karosserie, Federn und Räder
- 3 Stoßstangen-Modelle, wobei die dritte zusammen mit den beiden vorherigen Konfigurationen verwendet wird.
- Optionale Abdeckung
- Optionale Kupplungen

Changelog 1.5.0.0:
- Optionale Farben für die Abdeckung und den Stoßfänger hinzugefügt
- 3 verschiedene Reifen hinzugefügt
- 7 weitere Reifenmodelle
- Option von 8 verschiedene Tarnfarben
- Brems-, Kupplungs-, Schlüssel-, Gas- und Lichtschalteranimationen hinzugefügt]]>
        </de>
        <fr>
<![CDATA[
Le Lizard TRA 500 est un quadricycle polyvalent pour votre propriété. Cela va de la possibilité de l'utiliser pour des visites ainsi que de rendre les petites activités de transport plus agiles.

- Prix: 13 000 €
- Puissance : 75 cv
- Deux options de pneus
- Deux modèles de guidon différents, chaque modèle avec option noir ou couleur principale.
- Options de couleur, il s'agit de la carrosserie, des ressorts de suspension et des roues
- 3 modèles de pare-chocs, le troisième étant utilisé avec les deux configurations précédentes.
- Couverture facultative
- Accouplements en option

Journal des modifications 1.5.0.0:
- Ajout de couleurs optionnelles pour la couverture et le pare-chocs
- 3 cerceaux différents ajoutés
- 7 autres modèles de pneus
- Option de 8 camouflages différents
- Ajout d'animations d'activation des freins, de l'embrayage, de la clé, de l'accélérateur et de la lumière]]>
        </fr>
        <br>
<![CDATA[
Lizard TRA 500 é um quadriciclo multifunção para sua propeiedade. Vai desde a opção de utilizá-lo para passeios assim como tornar mais ágil atividades de pequenos transportes.

- Preço: 13.000 €
- Potência: 75 cv
- Duas opções de Pneus
- Dois modelos de guidão diferentes, cada modelo contando com a opção preto ou cor principal.
- Opcionais de cores, sendo esta do lataria, molas da suspensão e das rodas
- 3 modelos de parachoque, sendo o terceiro utilziado junto das duas configurações anteriores.
- Opcional de cobertura
- Opcional de engates

Changelog 1.5.0.0:
- Adicionado opcional de cores para a cobertura e para-choque
- 3 aros diferentes adicionados
- Mais 7 modelos de pneus
- Opção de 8 camuflagens diferentes
- Adiconado animações de acionamento do freio, embreagem, chave, acelerador e luz]]>
        </br>
    </description>
    <iconFilename>ModIcon.dds</iconFilename>
    <multiplayer supported="true" />
    <storeItems>
        <storeItem xmlFilename="LizardTRA500.xml"/>
    </storeItems>
	
	<l10n>
        <text name="cobertura"><en>Roof</en><de>Dach</de><fr>Toit</fr><br>Cobertura</br></text>
        <text name="parachoque1"><en>Bumper 1</en><de>Stoßstange 1</de><fr>Pare-chocs 1</fr><br>para-choque 1</br></text>
        <text name="parachoque2"><en>Bumper 2</en><de>Stoßstange 2</de><fr>Pare-chocs 2</fr><br>para-choque 2</br></text>
        <text name="parachoque3"><en>Bumper 3</en><de>Stoßstange 3</de><fr>Pare-chocs 3</fr><br>para-choque 3</br></text>
        <text name="parachoque4"><en>Bumper 4</en><de>Stoßstange 4</de><fr>Pare-chocs 4</fr><br>para-choque 4</br></text>
        <text name="guidao1"><en>Handlebar 1</en><de>Lenker 1</de><fr>Guidon 1</fr><br>Guidão 1</br></text>
        <text name="guidao2"><en>Handlebar 2</en><de>Lenker 2</de><fr>Guidon 2</fr><br>Guidão 2</br></text>
        <text name="guidao3"><en>Handlebar 3</en><de>Lenker 3</de><fr>Guidon 3</fr><br>Guidão 3</br></text>
        <text name="guidao4"><en>Handlebar 4</en><de>Lenker 4</de><fr>Guidon 4</fr><br>Guidão 4</br></text>
        <text name="camuflagem"><en>Camouflage</en><de>Tarnung</de><fr>Camouflage</fr><br>Camuflagem</br></text>
		<text name="Blackmetallic"><en>Black metallic</en><de>Schwarzmetallic</de><fr>Noir métallisé</fr><br>Metálico preto</br></text>
        <text name="Bluemetallic"><en>Blue metallic</en><de>Blaumetallic</de><fr>Bleu métallisé</fr><br>Azul metálico</br></text>
        <text name="MANblue"><en>MAN blue</en><de>MAN blau</de><fr>MAN bleu</fr><br>MAN azul </br></text>
        <text name="MENGELEblue"><en>MENGELE blue </en><de>MENGELE blau</de><fr>MENGELE bleu</fr><br>MENGELE azul</br></text>
        <text name="VICONDARKblue"><en>VICON DARK blue</en><de>VICON dunkelblau</de><fr>VICON bleu FONCÉ</fr><br>VICON DARK blue</br></text>
        <text name="Darkred"><en>Dark red</en><de>Dunkelrot</de><fr>Rouge foncé</fr><br>Vermelho escuro</br></text>
        <text name="MENGELEred"><en>MENGELE red</en><de>MENGELE rot</de><fr>MENGELE rouge</fr><br>MENGELE vermelho</br></text>
        <text name="VICONred"><en> VICON red</en><de>VICON rot</de><fr>VICON rouge</fr><br>VICON vermelho</br></text>
        <text name="ANNABURGERred"><en>ANNABURGER red</en><de>ANNABURGER rot</de><fr>ANNABURGER rouge</fr><br>ANNABURGER vermelho</br></text>
        <text name="STRAUTMANNred"><en>STRAUTMANN red</en><de>STRAUTMANN rot</de><fr>STRAUTMANN rouge</fr><br>STRAUTMANN vermelho</br></text>
        <text name="Purplemetallic"><en>Purple metallic</en><de>Lila Metallic</de><fr>Violet métallique</fr><br>Metálico roxo</br></text>
        <text name="Orangemetallic"><en>Orange metallic</en><de>Orangemetallic</de><fr>Orange métallique</fr><br>Laranja metálico</br></text>
        <text name="Claasmonstermetallic"><en>Claas monster metallic</en><de>Claas Monstermetallic</de><fr>Monstre Claas métallique</fr><br>Claas Monstro Metálico</br></text>
        <text name="Redmetallic"><en>Red metallic</en><de>Rotmetallic</de><fr>Rouge métallique</fr><br>Metálico vermelho</br></text>
        <text name="Yellowmetallic"><en>Yellow metallic</en><de>Gelbmetallic</de><fr>Jaune métallique</fr><br>Metálico amarelo</br></text>
        <text name="Brownmetallic"><en>Brown metallic</en><de>Braunmetallic</de><fr>Marron métallisé</fr><br>Marrom metálico</br></text>
        <text name="KAWECOgrey"><en>KAWECO grey</en><de>KAWECO grau</de><fr>KAWECO gris</fr><br>KAWECO cinza</br></text>
        <text name="BRIRIgrey"><en>BRIRI grey</en><de>BRIRI grau</de><fr>BRIRI gris</fr><br>BRIRI cinza</br></text>
        <text name="HAWEgrey"><en> HAWE grey</en><de>HAWE grau</de><fr>gris HAWE</fr><br>HAWE cinza</br></text>
        <text name="TEBBEgrey"><en>TEBBE grey</en><de>TEBBE grau</de><fr>TEBBE gris</fr><br>TEBBE cinza</br></text>
        <text name="Blackchrome"><en>Black chrome</en><de>Schwarzchrom</de><fr>Chrome noir </fr><br>Cromo preto</br></text>
        <text name="Blackcherry"><en>Black cherry</en><de>Schwarzkirsche</de><fr>Cerise noire</fr><br>Cereja preta</br></text>
        <text name="Blackcherrymetallic"><en>Black cherry metallic</en><de>Schwarzkirsche metallic</de><fr>Cerise noire métallisée</fr><br>Cereja preta metálica</br></text>
        <text name="Stainlesssteel"><en>Stainless steel</en><de>Rostfreier Stahl</de><fr>Acier inoxydable</fr><br>Aço inoxidável</br></text>
        <text name="Dark"><en>Dark</en><de>Dunkel</de><fr>Foncé</fr><br>Escuro</br></text>
        <text name="Chrome"><en>Chrome</en><de>Chrom</de><fr>Chrome</fr><br>cromada</br></text>
        <text name="Silver"><en>Silver</en><de>Silber</de><fr>Argent</fr><br>Prata</br></text>
        <text name="Silvermetallic"><en>Silver metallic</en><de>Silbermetallic</de><fr>Argent métallisé</fr><br>Prateado metálico</br></text>
        <text name="Ice"><en>Ice</en><de>Eis</de><fr>Glace</fr><br>Gelo</br></text>
        <text name="Pearlwhite"><en>Pearl white</en><de>Perlweiss</de><fr>Perle blanche</fr><br>Pérola Branca</br></text>
        <text name="BERGMANNwhite"><en>BERGMANN white</en><de> BERGMANN weiß</de><fr>BERGMANN blanc</fr><br>BERGMANN branco</br></text>
        <text name="ANNABURGERwhite"><en>ANNABURGER white</en><de>ANNABURGER weiß</de><fr>ANNABURGER blanc</fr><br>ANNABURGER branco</br></text>
        <text name="ExleyFav"><en>Exley Dav</en><de>Exley Dav</de><fr>Exley Dav</fr><br>Exley Dav</br></text>
        <text name="MANbeige"><en>MAN beige</en><de>MAN beige</de><fr>MAN beige</fr><br>MAN bege</br></text>
        <text name="Beigie"><en>Beige</en><de>Beige</de><fr>Beige</fr><br>Beigie</br></text>
        <text name="Greenmetallic"><en>Green metallic</en><de>Grünmetallic</de><fr>Vert métallique</fr><br>Verde metálico</br></text>
        <text name="KRONEgreen"><en>KRONE green</en><de>KRONE grün</de><fr>KRONE vert</fr><br>KRONE verde</br></text>
        <text name="STARAgreen"><en>STARA green</en><de>STARA grün</de><fr>STARA vert</fr><br>STARA verde</br></text>
        <text name="BERGMANNgreen"><en>BERGMANN green</en><de>BERGMANN grün</de><fr>BERGMANN vert</fr><br>BERGMANN verde</br></text>
        <text name="JOSKINgreen"><en>JOSKIN green</en><de>JOSKIN grün</de><fr>JOSKIN vert</fr><br>JOSKIN verde</br></text>
        <text name="STRAUTMANNgreen"><en>STRAUTMANN green</en><de>STRAUTMANN grün</de><fr>STRAUTMANN vert</fr><br>STRAUTMANN verde</br></text>
        <text name="HAWEgreen"><en>HAWE green</en><de>HAWE grün</de><fr>HAWE vert</fr><br>HAWE verde</br></text>
        <text name="TEBBEgreen"><en>TEBBE green</en><de>TEBBE grün</de><fr>TEBBE vert</fr><br>TEBBE verde</br></text>
        <text name="KAWECOgreen"><en>KAWECO green</en><de>KAWECO grün</de><fr>KAWECO vert</fr><br>KAWECO verde</br></text>
        <text name="BRIRIgreen"><en>BRIRI green</en><de>BRIRI grün</de><fr>BRIRI vert</fr><br>BRIRI verde</br></text>
        <text name="JOSKINyellow"><en>JOSKIN yellow</en><de>JOSKIN gelb</de><fr>JOSKIN jaune</fr><br>JOSKIN amarelo</br></text>
		<text name="MANoldgreen"><en>MAN old green</en><de>MAN altgrün</de><fr>MAN vieux vert</fr><br>MAN velho verde</br></text>
        <text name="KRONEyellow"><en>KRONE yellow </en><de> KRONE gelb </de><fr> KRONE jaune </fr><br> KRONE amarelo</br></text>
        <text name="STARAorange"><en>STARA orange</en><de>STARA orange</de><fr>STARA orénage</fr><br>STARA orenage</br></text>
        <text name="KAWECOorange"><en>KAWECO orange</en><de>KAWECO orange</de><fr>KAWECO orage</fr><br>KAWECO orenage</br></text>
        <text name="Claas"><en>Claas</en><de>Claas</de><fr>Claas</fr><br>Claas</br></text>
        <text name="ClaasCat"><en>Claas Cat </en><de> Claas Cat </de><fr>Chat Claas</fr><br>Claas Cat</br></text>
        <text name="Claasmonster"><en>Claas monster</en><de>Claas-Monster</de><fr>Monstre de Claas</fr><br>Monstro claas</br></text>
        <text name="Midnightpurple"><en>Midnight purple</en><de>Mitternachtsviolett</de><fr>Violet de minuit</fr><br>Roxo da meia-noite</br></text>
	    <text name="Nokian2aro1"><en>Nokian 2 Rim 1</en><de>Nokian 2 Felge 1</de><fr>Nokian 2 Jante 1</fr><br>Nokian 2 Aro 1</br></text>
		<text name="Nokian2aro2"><en>Nokian 2 Rim 2</en><de>Nokian 2 Felge 2</de><fr>Nokian 2 Jante 2</fr><br>Nokian 2 Aro 2</br></text>
		<text name="Nokian2aro3"><en>Nokian 2 Rim 3</en><de>Nokian 2 Felge 3</de><fr>Nokian 2 Jante 3</fr><br>Nokian 2 Aro 3</br></text>
		<text name="Nokian2aro4"><en>Nokian 2 Rim 4</en><de>Nokian 2 Felge 4</de><fr>Nokian 2 Jante 4</fr><br>Nokian 2 Aro 4</br></text>
		<text name="Nokian2aro5"><en>Nokian 2 Rim 5</en><de>Nokian 2 Felge 5</de><fr>Nokian 2 Jante 5</fr><br>Nokian 2 Aro 5</br></text>
		<text name="Nokian2aro6"><en>Nokian 2 Rim 6</en><de>Nokian 2 Felge 6</de><fr>Nokian 2 Jante 6</fr><br>Nokian 2 Aro 6</br></text>
		<text name="Nokian3aro1"><en>Nokian 3 Rim 1</en><de>Nokian 3 Felge 1</de><fr>Nokian 3 Jante 1</fr><br>Nokian 3 Aro 1</br></text>
		<text name="Nokian3aro2"><en>Nokian 3 Rim 2</en><de>Nokian 3 Felge 2</de><fr>Nokian 3 Jante 2</fr><br>Nokian 3 Aro 2</br></text>
		<text name="Nokian3aro3"><en>Nokian 3 Rim 3</en><de>Nokian 3 Felge 3</de><fr>Nokian 3 Jante 3</fr><br>Nokian 3 Aro 3</br></text>
		<text name="Nokian3aro4"><en>Nokian 3 Rim 4</en><de>Nokian 3 Felge 4</de><fr>Nokian 3 Jante 4</fr><br>Nokian 3 Aro 4</br></text>
		<text name="Nokian3aro5"><en>Nokian 3 Rim 5</en><de>Nokian 3 Felge 5</de><fr>Nokian 3 Jante 5</fr><br>Nokian 3 Aro 5</br></text>
		<text name="Nokian3aro6"><en>Nokian 3 Rim 6</en><de>Nokian 3 Felge 6</de><fr>Nokian 3 Jante 6</fr><br>Nokian 3 Aro 6</br></text>
		<text name="Nokian4aro1"><en>Nokian 4 Rim 1</en><de>Nokian 4 Felge 1</de><fr>Nokian 4 Jante 1</fr><br>Nokian 4 Aro 1</br></text>
		<text name="Nokian4aro2"><en>Nokian 4 Rim 2</en><de>Nokian 4 Felge 2</de><fr>Nokian 4 Jante 2</fr><br>Nokian 4 Aro 2</br></text>
		<text name="Nokian4aro3"><en>Nokian 4 Rim 3</en><de>Nokian 4 Felge 3</de><fr>Nokian 4 Jante 3</fr><br>Nokian 4 Aro 3</br></text>
		<text name="Nokian4aro4"><en>Nokian 4 Rim 4</en><de>Nokian 4 Felge 4</de><fr>Nokian 4 Jante 4</fr><br>Nokian 4 Aro 4</br></text>
		<text name="Nokian4aro5"><en>Nokian 4 Rim 5</en><de>Nokian 4 Felge 5</de><fr>Nokian 4 Jante 5</fr><br>Nokian 4 Aro 5</br></text>
		<text name="Nokian4aro6"><en>Nokian 4 Rim 6</en><de>Nokian 4 Felge 6</de><fr>Nokian 4 Jante 6</fr><br>Nokian 4 Aro 6</br></text>
	</l10n>
</modDesc>
