<?xml version="1.0" encoding="utf-8" standalone="no" ?>
<wheel>
	<default>
        <physics radius="0.01" width="0.01" mass="0.01" tireType="offRoad" frictionScale="0.01" maxLongStiffness="8" maxLatStiffness="100" maxLatStiffnessLoad="2" />
    </default>

<configurations>
<!-- stock wheel front /-->
		<configuration id="stockF" >
	        <physics radius="0.28" width="0.1" mass="0.109" tireType="mud" frictionScale="2.60" maxLongStiffness="8" maxLatStiffness="100" maxLatStiffnessLoad="2"/>
    	    <tire filename="wheels/wheels.i3d" nodeLeft="0|0" nodeRight="0|0" maxDeformation="0.02" sideDeformOffset="0.996" isCareWheel="true" tireTrackAtlasIndex="10"/>
        	<innerRim 	filename="wheels/wheels.i3d" nodeLeft="1|0" nodeRight="1|0" />        
        </configuration>

<!-- stock wheel rear /-->
		<configuration id="stockR" >
	        <physics radius="0.25" width="0.15" mass="0.109" tireType="mud" frictionScale="2.0" maxLongStiffness="8" maxLatStiffness="100" maxLatStiffnessLoad="2"/>
    	    <tire filename="wheels/wheels.i3d" nodeLeft="0|1" nodeRight="0|2" maxDeformation="0.02" sideDeformOffset="0.996" isCareWheel="true" tireTrackAtlasIndex="10"/>
        	<innerRim 	filename="wheels/wheels.i3d" nodeLeft="1|1" nodeRight="1|2" />        
        </configuration>

<!-- stock wheel rear empty/-->
		<configuration id="stockR1" >
	        <physics radius="0.25" width="0.15" mass="0.109" tireType="mud" frictionScale="2.0" maxLongStiffness="8" maxLatStiffness="100" maxLatStiffnessLoad="2"/>
    	</configuration>

<!-- stock wheel front empty /-->
		<configuration id="stockF1" >
	        <physics radius="0.28" width="0.1" mass="0.109" tireType="mud" frictionScale="2.60" maxLongStiffness="8" maxLatStiffness="100" maxLatStiffnessLoad="2"/>
    	</configuration>

<!-- bearclaw front /-->
		<configuration id="bearclawF" >
	        <physics radius="0.285" width="0.1" mass="0.109" tireType="mud" frictionScale="2.60" maxLongStiffness="8" maxLatStiffness="100" maxLatStiffnessLoad="2"/>
    	    <tire filename="wheels/wheels.i3d" nodeLeft="0|3" nodeRight="0|3" maxDeformation="0.02" sideDeformOffset="0.996" isCareWheel="true" tireTrackAtlasIndex="10"/>
        	<innerRim 	filename="wheels/wheels.i3d" nodeLeft="1|0" nodeRight="1|0" />        
        </configuration>

<!-- bearclaw rear /-->
		<configuration id="bearclawR" >
	        <physics radius="0.26" width="0.15" mass="0.109" tireType="mud" frictionScale="2.0" maxLongStiffness="8" maxLatStiffness="100" maxLatStiffnessLoad="2"/>
    	    <tire filename="wheels/wheels.i3d" nodeLeft="0|4" nodeRight="0|4" maxDeformation="0.02" sideDeformOffset="0.996" isCareWheel="true" tireTrackAtlasIndex="10"/>
        	<innerRim 	filename="wheels/wheels.i3d" nodeLeft="1|1" nodeRight="1|2" />        
        </configuration>

<!-- bearclaw rear empty/-->
		<configuration id="bearclawR1" >
	        <physics radius="0.26" width="0.15" mass="0.109" tireType="mud" frictionScale="2.0" maxLongStiffness="8" maxLatStiffness="100" maxLatStiffnessLoad="2"/>
    	</configuration>

<!-- bearclaw front empty /-->
		<configuration id="bearclawF1" >
	        <physics radius="0.285" width="0.1" mass="0.109" tireType="mud" frictionScale="2.60" maxLongStiffness="8" maxLatStiffness="100" maxLatStiffnessLoad="2"/>
    	</configuration>

<!-- itp front /-->
		<configuration id="itpF" >
	        <physics radius="0.305" width="0.1" mass="0.109" tireType="mud" frictionScale="2.60" maxLongStiffness="8" maxLatStiffness="100" maxLatStiffnessLoad="2"/>
    	    <tire filename="wheels/wheels.i3d" nodeLeft="0|5" nodeRight="0|5" maxDeformation="0.02" sideDeformOffset="0.996" isCareWheel="true" tireTrackAtlasIndex="10"/>
        	<innerRim 	filename="wheels/wheels.i3d" nodeLeft="1|0" nodeRight="1|0" />        
        </configuration>

<!-- itp rear /-->
		<configuration id="itpR" >
	        <physics radius="0.27" width="0.15" mass="0.109" tireType="mud" frictionScale="2.0" maxLongStiffness="8" maxLatStiffness="100" maxLatStiffnessLoad="2"/>
    	    <tire filename="wheels/wheels.i3d" nodeLeft="0|6" nodeRight="0|6" maxDeformation="0.02" sideDeformOffset="0.996" isCareWheel="true" tireTrackAtlasIndex="10"/>
        	<innerRim 	filename="wheels/wheels.i3d" nodeLeft="1|1" nodeRight="1|2" />        
        </configuration>

<!-- itp rear empty/-->
		<configuration id="itpR1" >
	        <physics radius="0.27" width="0.15" mass="0.109" tireType="mud" frictionScale="2.0" maxLongStiffness="8" maxLatStiffness="100" maxLatStiffnessLoad="2"/>
    	</configuration>

<!-- itp rear 2 /-->
		<configuration id="itpR2" >
	        <physics radius="0.24" width="0.15" mass="0.109" tireType="mud" frictionScale="2.0" maxLongStiffness="8" maxLatStiffness="100" maxLatStiffnessLoad="2"/>
    	    <tire filename="wheels/wheels.i3d" nodeLeft="0|7" nodeRight="0|7" maxDeformation="0.02" sideDeformOffset="0.996" isCareWheel="true" tireTrackAtlasIndex="10"/>
        	<innerRim 	filename="wheels/wheels.i3d" nodeLeft="1|1" nodeRight="1|2" />        
        </configuration>

<!-- itp rear empty 2/-->
		<configuration id="itpR3" >
	        <physics radius="0.24" width="0.15" mass="0.109" tireType="mud" frictionScale="2.0" maxLongStiffness="8" maxLatStiffness="100" maxLatStiffnessLoad="2"/>
    	</configuration>

<!-- itp front empty /-->
		<configuration id="itpF1" >
	        <physics radius="0.305" width="0.1" mass="0.109" tireType="mud" frictionScale="2.60" maxLongStiffness="8" maxLatStiffness="100" maxLatStiffnessLoad="2"/>
    	</configuration>

<!-- maxxis front /-->
		<configuration id="maxxisF" >
	        <physics radius="0.285" width="0.1" mass="0.109" tireType="mud" frictionScale="2.60" maxLongStiffness="8" maxLatStiffness="100" maxLatStiffnessLoad="2"/>
    	    <tire filename="wheels/wheels.i3d" nodeLeft="0|8" nodeRight="0|8" maxDeformation="0.02" sideDeformOffset="0.996" isCareWheel="true" tireTrackAtlasIndex="10"/>
        	<innerRim 	filename="wheels/wheels.i3d" nodeLeft="1|0" nodeRight="1|0" />        
        </configuration>

<!-- maxxis rear /-->
		<configuration id="maxxisR" >
	        <physics radius="0.215" width="0.17" mass="0.109" tireType="mud" frictionScale="2.0" maxLongStiffness="8" maxLatStiffness="100" maxLatStiffnessLoad="2"/>
    	    <tire filename="wheels/wheels.i3d" nodeLeft="0|9" nodeRight="0|9" maxDeformation="0.02" sideDeformOffset="0.996" isCareWheel="true" tireTrackAtlasIndex="10"/>
        	<innerRim 	filename="wheels/wheels.i3d" nodeLeft="1|3" nodeRight="1|4" />        
        </configuration>

<!-- maxxis rear empty/-->
		<configuration id="maxxisR1" >
	        <physics radius="0.215" width="0.17" mass="0.109" tireType="mud" frictionScale="2.0" maxLongStiffness="8" maxLatStiffness="100" maxLatStiffnessLoad="2"/>
    	</configuration>

<!-- maxxis front empty /-->
		<configuration id="maxxisF1" >
	        <physics radius="0.285" width="0.1" mass="0.109" tireType="mud" frictionScale="2.60" maxLongStiffness="8" maxLatStiffness="100" maxLatStiffnessLoad="2"/>
    	</configuration>


    </configurations>
</wheel>

	