<?xml version="1.0" encoding="utf-8" standalone="no" ?>
<modDesc descVersion="64">
    <author>GIANTS Software</author>
    <version>1.0.0.1</version>
    <title>
        <en>Vicon FastBale</en>
    </title>
    <description>
        <en>
            <![CDATA[Price: 110.000 €
Required power: 150 hp
Max. working speed: 17 kph

Changelog 1.0.0.1:
Added electrical connection
Minor i3D adjustments
]]>
</en>
        <de>
            <![CDATA[Preis: 110.000 €
Benötigte Leistung: 150 PS
Arbeitsgeschwindigkeit: 17 km/h

Changelog 1.0.0.1:
Elektroanschluss hinzugefügt
Kleinere i3D Anpassungen
]]>
</de>
        <fr>
            <![CDATA[Prix: 110.000 €
Puissance requise: 150 ch
Vitesse de travail: 17 km/h

Changelog 1.0.0.1:
Ajout d'une connexion électrique
Ajustements mineurs des i3D
]]>
</fr>
    </description>
    <iconFilename>icon_fastBale.dds</iconFilename>
    <multiplayer supported="true" />

    <storeItems>
        <storeItem xmlFilename="fastBale.xml" />
    </storeItems>
</modDesc>
