<?xml version="1.0" encoding="utf-8" standalone="no" ?>
<modDesc descVersion="61">
	<author>modelleicher</author>
	<version>1.0.0.0</version>
	<title>
		<en>PaintAndTerraformAnywhere</en>
		<de>PaintAndTerraformAnywhere</de>
	</title>
	<description>
		<en>Paint and Terraform Anywhere</en>
		<de>Paint and Terraform Anywhere</de>
	</description>
	<iconFilename>icon.dds</iconFilename>
	<multiplayer supported="true"/>
	<extraSourceFiles>
		<sourceFile filename="paintAndTerraformAnywhere.lua"/>
	</extraSourceFiles>
</modDesc>