﻿<?xml version="1.0" encoding="utf-8" standalone="no" ?>
<vehicle type="car" xmlns:xsi="http://www.w3.org/2001/XMLSchema-instance" xsi:noNamespaceSchemaLocation="../../../../shared/xml/schema/vehicle.xsd">
    <annotation>Copyright (C) GIANTS Software GmbH, All Rights Reserved.</annotation>
    <storeData>
        <name>
            <en>Lz 150</en></name>
        <specs>
            <power>83</power>
            <maxSpeed>105</maxSpeed>
        </specs>
        <functions>
            <function>$l10n_function_car</function>
        </functions>
        <image>store_lz150.dds</image>
        <price>2680</price>
        <lifetime>600</lifetime>
        <rotation>0</rotation>
        <brand>LIZARD</brand>
        <category>cars</category>
        <shopTranslationOffset>-0.4 0 -0.4</shopTranslationOffset>
        <shopRotationOffset>0 0 0</shopRotationOffset>
        <vertexBufferMemoryUsage>832768</vertexBufferMemoryUsage>
        <indexBufferMemoryUsage>160512</indexBufferMemoryUsage>
        <textureMemoryUsage>3145728</textureMemoryUsage>
        <audioMemoryUsage>0</audioMemoryUsage>
        <instanceVertexBufferMemoryUsage>0</instanceVertexBufferMemoryUsage>
        <instanceIndexBufferMemoryUsage>0</instanceIndexBufferMemoryUsage>
    </storeData>
    <base>
        <typeDesc>$l10n_typeDesc_car</typeDesc>
        <filename>lz150.i3d</filename>
        <sounds filename="$data/vehicles/andersonGroup/hybridX/sounds/inlineWrapper.xml" volumeFactor="1.12"/>
		<size width="0.35" length="2" lengthOffset="0.05"/>
        <components>
            <component centerOfMass="0 0.2 0" solverIterationCount="10" mass="135"/>
        </components>
        <schemaOverlay attacherJointPosition="0 0" name="VEHICLE"/>
		<mapHotspot type="CAR" />
    </base>

    <designConfigurations title="$l10n_configuration_frontHandlebar">
        <designConfiguration name="$l10n_configuration_original">
            <objectChange node="designFront" visibilityActive="false" />
            <objectChange node="lights" visibilityActive="false" />
        </designConfiguration>
        <designConfiguration name="$l10n_configuration_decalsFront" price="600">
            <objectChange node="designFront" visibilityActive="true" />
            <objectChange node="lights" visibilityActive="false" />
        </designConfiguration>
        <designConfiguration name="$l10n_configuration_light" price="1000">
            <objectChange node="designFront" visibilityActive="false" />
            <objectChange node="lights" visibilityActive="true" />
        </designConfiguration>
    </designConfigurations>

    <design2Configurations title="$l10n_configuration_protectionHandlebar">
        <design2Configuration name="$l10n_configuration_original">
            <objectChange node="handlebarProtection" visibilityActive="false" />
        </design2Configuration>
        <design2Configuration name="$l10n_configuration_protection" price="250">
            <objectChange node="handlebarProtection" visibilityActive="true" />
        </design2Configuration>
    </design2Configurations>
	
    <design3Configurations title="$l10n_configuration_decals">
        <design3Configuration name="$l10n_configuration_original">
            <objectChange node="decals01" visibilityActive="true" />
            <objectChange node="decalHandlebar01" visibilityActive="true" />
        </design3Configuration>
        <design3Configuration name="$l10n_configuration_decal2" price="250">
            <objectChange node="decals02" visibilityActive="true" />
            <objectChange node="decalHandlebar02" visibilityActive="true" />
        </design3Configuration>
        <design3Configuration name="$l10n_configuration_decal3" price="250">
            <objectChange node="decals03" visibilityActive="true" />
            <objectChange node="decalHandlebar03" visibilityActive="true" />
        </design3Configuration>
        <design3Configuration name="$l10n_configuration_decal4" price="250">
            <objectChange node="decals04" visibilityActive="true" />
            <objectChange node="decalHandlebar04" visibilityActive="true" />
        </design3Configuration>
        <design3Configuration name="$l10n_configuration_decal5" price="250">
            <objectChange node="decals05" visibilityActive="true" />
            <objectChange node="decalHandlebar05" visibilityActive="true" />
        </design3Configuration>
        <design3Configuration name="$l10n_configuration_decal6" price="250">
            <objectChange node="decals06" visibilityActive="true" />
            <objectChange node="decalHandlebar06" visibilityActive="true" />
        </design3Configuration>
        <design3Configuration name="$l10n_configuration_decal7" price="250">
            <objectChange node="decals07" visibilityActive="true" />
            <objectChange node="decalHandlebar07" visibilityActive="true" />
        </design3Configuration>
        <design3Configuration name="$l10n_configuration_decal8" price="250">
            <objectChange node="decals08" visibilityActive="true" />
            <objectChange node="decalHandlebar08" visibilityActive="true" />
        </design3Configuration>
        <design3Configuration name="$l10n_configuration_decal9" price="250">
            <objectChange node="decals09" visibilityActive="true" />
            <objectChange node="decalHandlebar09" visibilityActive="true" />
        </design3Configuration>
        <design3Configuration name="$l10n_configuration_decal10" price="250">
            <objectChange node="decals10" visibilityActive="true" />
            <objectChange node="decalHandlebar10" visibilityActive="true" />
        </design3Configuration>
    </design3Configurations>

    <design4Configurations title="$l10n_configuration_exhaust">
        <design4Configuration name="$l10n_configuration_original">
            <objectChange node="exhaust01" visibilityActive="false" />
            <objectChange node="exhaust02" visibilityActive="true" />
        </design4Configuration>
        <design4Configuration name="$l10n_configuration_exhaustChrome" price="650">
            <objectChange node="exhaust01" visibilityActive="true" />
            <objectChange node="exhaust02" visibilityActive="false" />
        </design4Configuration>
    </design4Configurations>

    <design5Configurations title="$l10n_configuration_Handlebar">
        <design5Configuration name="$l10n_configuration_original">
            <material name="base_mat" shaderParameter="colorMat4" color="0.1 0.1 0.1 0"/>
        </design5Configuration>
        <design5Configuration name="$l10n_configuration_Chrome" price="350">
            <material name="base_mat" shaderParameter="colorMat4" color="1 1 1 2"/>
        </design5Configuration>
    </design5Configurations>

    <wheels>
        <wheelConfigurations>

		     <wheelConfiguration name="$l10n_configuration_valueDefault" price="0" brand="LIZARD" saveId="LIZARD_DEFAULT">
                <wheels autoRotateBackSpeed="2.0">
                     <wheel filename="wheels/wheels_front.xml" hasParticles="true" hasTireTracks="true">
                       <physics rotSpeed="1" restLoad="0.36" repr="wheelDrive" driveNode="wheel_Front" forcePointRatio="0.5" initialCompression="40" suspTravel="0.1" spring="10" damper="10" transRatio="1" />
                    </wheel>
					<wheel filename="wheels/wheels_back.xml" hasTireTracks="true" hasParticles="true" >
                       <physics restLoad="0.36" repr="wheelBackDrive" driveNode="wheel_Back" forcePointRatio="0.5" initialCompression="30" suspTravel="0.1" spring="0.5" damper="0.5" transRatio="1" />
				    </wheel>
					<wheel>
                        <physics restLoad="0.36" repr="wheelsBack01" radius="0.33" width="0.07" mass="0.01" forcePointRatio="0.5" initialCompression="30" suspTravel="0.1" spring="0.5" damper="0.5" frictionScale="0.3" />
                    </wheel>
					<wheel>
                        <physics restLoad="0.36" repr="wheelsBack02" radius="0.33" width="0.07" mass="0.01" forcePointRatio="0.5" initialCompression="30" suspTravel="0.1" spring="0.5" damper="0.5" frictionScale="0.3" />
                    </wheel>
                    <wheel>
                        <physics restLoad="0.36" repr="wheelsBack03" radius="0.33" width="0.07" mass="0.01" forcePointRatio="0.5" initialCompression="30" suspTravel="0.1" spring="0.5" damper="0.5" frictionScale="7" />
                    </wheel>
                </wheels>
            </wheelConfiguration>
        </wheelConfigurations>
		<ackermannSteeringConfigurations>
            <ackermannSteering rotSpeed="50" rotMax="40" rotCenterWheel1="1" rotCenterWheel2="2" />
        </ackermannSteeringConfigurations>
    </wheels>

    <speedRotatingParts>
        <speedRotatingPart shaderNode="chainUV"         wheelIndex="1" wheelScale="0.5"    activationSpeed="0" useRotation="false" scrollScale="-8.103 0.0" foldMinLimit="0" foldMaxLimit="1.0" />
        <speedRotatingPart node="pulleyRot" radius="0.175"/>
    </speedRotatingParts>	

    <lights>
        <states>
            <state lightTypes="0"/>
        </states>
        <realLights>
            <low>
                <light node="frontLight" lightTypes="0" excludedLightTypes="3"/>
            </low>
            <high>
                <light node="frontLight" lightTypes="0" excludedLightTypes="3"/>
            </high>
        </realLights>
        <defaultLights>
            <defaultLight shaderNode="lightGlass02" lightTypes="0" intensity="25"/>
        </defaultLights>
    </lights>

    <enterable isTabbable="true">
        <enterReferenceNode node="lz150_main_componentShape1"/>
        <exitPoint node="exitPoint"/>
        <enterAnimation name="enterAnimation"/>
        <cameras>
            <camera node="outdoorCamera" rotatable="true" rotateNode="outdoorCameraTarget" limit="true" useWorldXZRotation="true" rotMinX="-1.4" rotMaxX="1" transMin="3.5" transMax="25" translation="0 0 5.35" rotation="-17.5 180 0">
                <raycastNode node="cameraRaycastNode1"/>
                <raycastNode node="cameraRaycastNode2"/>
                <raycastNode node="cameraRaycastNode3"/>
            </camera>
            <camera node="indoorCamera" rotatable="true" limit="true" rotMinX="-0.5" rotMaxX="0.5" transMin="0" transMax="0" isInside="false" positionSmoothingParameter="0" shadowFocusBox="shadowFocusBox" useOutdoorSounds="true" />
        </cameras>

		<characterNode node="playerSkin" cameraMinDistance="1.5" spineRotation="-90 -2.2 90" >
            <target ikChain="rightFoot" targetNode="playerRightFootTarget" />
            <target ikChain="leftFoot"  targetNode="playerLeftFootTarget" />
            <target ikChain="rightArm"  targetNode="playerRightHandTarget" />
            <target ikChain="leftArm"   targetNode="playerLeftHandTarget" />
        </characterNode>
    </enterable>

    <drivable>
        <steeringWheel node="handlebarRot" indoorRotation="540" outdoorRotation="60" />
        <dashboards>
            <dashboard displayType="ROT" valueType="decelerationAxis" node="lever02" minRot="0 0 0" maxRot="0 -35 0" doInterpolation="true" groups="MOTOR_ACTIVE"/>
        </dashboards>
    </drivable>

    <fillUnit>
        <fillUnitConfigurations>
            <fillUnitConfiguration>
                <fillUnits>
                    <fillUnit unitTextOverride="$l10n_unit_literShort" showOnHud="false" showInShop="false" fillTypes="diesel" capacity="10">
                    </fillUnit>
                </fillUnits>
            </fillUnitConfiguration>
        </fillUnitConfigurations>
    </fillUnit>

    <motorized statsType="car">
        <consumerConfigurations>
            <consumerConfiguration>
                <consumer fillUnitIndex="1" usage="16" fillType="diesel"/>
                <!-- usage is per hour at max load and max rpm -->
            </consumerConfiguration>
        </consumerConfigurations>

        <differentialConfigurations>
            <differentialConfiguration>
                <differentials>
                    <differential torqueRatio="0.5" maxSpeedRatio="1.8" wheelIndex1="2" wheelIndex2="5" /> 
                </differentials>
            </differentialConfiguration>
        </differentialConfigurations>
<!--
        <motorConfigurations>
            <motorConfiguration name="LZ 150" hp="83" price="0">
                <motor torqueScale="0.351" minRpm="850" maxRpm="2200" maxForwardSpeed="105" maxBackwardSpeed="6" brakeForce="0.08" lowBrakeForceScale="0.05">
                    <torque normRpm="0.45" torque="0.9"/>
                    <torque normRpm="0.5" torque="0.97"/>
                    <torque normRpm="0.59" torque="1"/>
                    <torque normRpm="0.72" torque="1"/>
                    <torque normRpm="0.86" torque="0.88"/>
                    <torque normRpm="1" torque="0.72"/>
                </motor>
            <transmission autoGearChangeTime="1" gearChangeTime="0.05" name="$l10n_info_transmission_manual" axleRatio="8" startGearThreshold="0.35">
                <directionChange useGear="true"/>
                    <backwardGear gearRatio="1.066" name="R"/>
                    <forwardGear gearRatio="4.284"/>
                    <forwardGear gearRatio="2.523"/>
                    <forwardGear gearRatio="1.443"/>
                    <forwardGear gearRatio="1.000"/>
            </transmission>
        </motorConfiguration>
-->
        <motorConfigurations>
            <motorConfiguration name="MoTony" hp="200" price="0">
                <motor torqueScale="2" minRpm="850" maxRpm="3000" maxForwardSpeed="250" maxBackwardSpeed="280" brakeForce="0.1" lowBrakeForceScale="0.05" >
                    <torque normRpm="0.45" torque="0.97"/>
                    <torque normRpm="0.5" torque="1"/>
                    <torque normRpm="0.59" torque="1.4"/>
                    <torque normRpm="0.72" torque="1.7"/>
                    <torque normRpm="0.86" torque="2"/>
                    <torque normRpm="1" torque="2.4"/>
                </motor>
                <transmission autoGearChangeTime="0.05" gearChangeTime="0.05" name="$l10n_info_transmission_manual" axleRatio="8" startGearThreshold="0.35">
                    <directionChange useGear="true"/>
                    <backwardGear gearRatio="1.066" name="R"/>
                    <forwardGear gearRatio="4.284"/>
                    <forwardGear gearRatio="2.523"/>
                    <forwardGear gearRatio="1.443"/>
                    <forwardGear gearRatio="1.000"/>
                    <forwardGear gearRatio="0.889"/>
                    <forwardGear gearRatio="0.687"/>
                    <forwardGear gearRatio="0.356" name="*Tony*"/>
                </transmission>
            </motorConfiguration>
        </motorConfigurations>

        <exhaustEffects>
            <exhaustEffect node="exhaustParticle01" filename="$data/effects/exhaust/exhaust.i3d" minRpmColor="0.9 0.9 0.9 0.1" maxRpmColor="0.9 0.9 0.9 0.4" minRpmScale="0.05" maxRpmScale="0.5" />
            <exhaustEffect node="exhaustParticle02" filename="$data/effects/exhaust/exhaust.i3d" minRpmColor="0.9 0.9 0.9 0.1" maxRpmColor="0.9 0.9 0.9 0.4" minRpmScale="0.05" maxRpmScale="0.5" />
        </exhaustEffects>

        <motorStartDuration>1000</motorStartDuration>

        <dashboards>
            <dashboard displayType="ANIMATION" valueType="speed" animName="speedDisplay" minValueAnim="0" maxValueAnim="300"  groups="MOTOR_ACTIVE"/>
        </dashboards>
    </motorized>

    <animations>
	    <animation name="speedDisplay">
		    <part node="playerLeftFootTarget" startTime="0" endTime="0.01" startTrans="0.274 0.141 -0.269" endTrans="0.185 0.29 -0.193"/>
			
			<part node="playerLeftFootTarget" startTime="0" endTime="0.01" startRot="30 0 0" endRot="0 4 0"/>
			
			<part node="lz150_main_01" startTime="0" endTime="0.01" startRot="0 0 -9" endRot="0 0 0"/>

			<part node="lever01" startTime="0" endTime="0.01" startRot="0 42 0" endRot="0 0 0"/>
			
			<part node="playerSkinMov02" startTime="0" endTime="0.4" startTrans="0 0 0" endTrans="0 0 -0.12"/>

			<part node="playerSkin" startTime="0" endTime="0.4" startRot="9 0 0" endRot="50 0 0"/>
		</animation>
		<animation name="enterAnimation">
            <part node="lz150_main_01" startTime="0" endTime="0.01" startRot="0 0 -8" endRot="0 0 0"/>
			<part node="support" startTime="0" endTime="0.01" startRot="0 0 0" endRot="100 0 0"/>
			<part node="handlebarEnter" startTime="0" endTime="0.01" startRot="0 30 0" endRot="0 0 0"/>
        </animation>
    </animations>

    <cylindered>
        <movingParts>

		<movingPart node="wheelDrive" referencePoint="supportFrontFix" referenceFrame="supportFrontFix" isActiveDirty="true" maxUpdateDistance="50">
            <translatingPart node="supportFront"/>
            <translatingPart node="wheel_Front"/>
            <translatingPart node="0>0|0|0|0|3|0|0|0|0|1"/>
        </movingPart>

		<movingPart node="supportBack" referencePoint="supportBack_fix" referenceFrame="supportBack_fix" isActiveDirty="true" maxUpdateDistance="50">
            <translatingPart node="wheelsBack"/>
        </movingPart>

		<movingPart node="hydraulic" referencePoint="hydraulicRef" referenceFrame="hydraulicRef" isActiveDirty="true" maxUpdateDistance="50">
            <translatingPart node="hydraulicPunch"/>
        </movingPart>
		
			<movingPart node="axisBackSpring" referencePoint="hydraulicRef" referenceFrame="hydraulicRef" isActiveDirty="true" scaleZ="true" maxUpdateDistance="50"/>
	
			<movingPart node="brakeCable" referencePoint="brakeCable_ref" referenceFrame="brakeCable_ref" isActiveDirty="true" scaleZ="true" maxUpdateDistance="50"/>

			<movingPart node="chain" referencePoint="chain_ref" referenceFrame="chain_ref" isActiveDirty="true" maxUpdateDistance="50"/>
        </movingParts>
    </cylindered>

	<suspensions>
        <suspension node="lz150_main_03"  weight="200" minRotation="-20 0 -20" maxRotation="20 0 20" suspensionParametersZ="7 3" />
		<suspension node="playerSkinMov02"  weight="400" minRotation="0 0 -10" maxRotation="0 0 10" suspensionParametersZ="7 3" />
		<suspension node="playerSkinMov01"  weight="400" minRotation="0 0 -1" maxRotation="0 0 1" suspensionParametersZ="7 3" />
    </suspensions>

    <dashboard>
        <groups>
            <group name="MOTOR_STARTING" isMotorStarting="true"/>
            <group name="MOTOR_ACTIVE" isMotorStarting="true" isMotorRunning="true"/>
        </groups>
    </dashboard>

    <ai>
        <agent width="1.55" length="2.85" height="1.95" lengthOffset="0.95" frontOffset="1.85" />
        <collisionTrigger node="aiCollisionNode" width="1" height="2"/>
    </ai>

    <tensionBeltObject>
        <meshNodes>
            <meshNode node="tensionBeltNode01"/>
            <meshNode node="tensionBeltNode02"/>
            <meshNode node="tensionBeltNode03"/>
        </meshNodes>
    </tensionBeltObject>

    <foliageBending>
        <bendingNode minX="-0.25" maxX="0.25" minZ="-1.1" maxZ="1.1" yOffset="0.4"/>
    </foliageBending>

    <baseMaterial>
        <material name="base_mat" baseNode="lz150_vis">
            <shaderParameter name="colorMat0" value="1 0.35 0 0"/>
            <shaderParameter name="colorMat1" value="1 0.35 0 1"/>
            <shaderParameter name="colorMat4" value="1 1 1 2"/>
            <shaderParameter name="colorMat3" value="0.1 0.1 0.1 5"/>
        </material>
    </baseMaterial>

    <baseMaterialConfigurations useDefaultColors="true" title="$l10n_configuration_chassisColor" defaultColorIndex="11">
        <material name="base_mat" shaderParameter="colorMat0"/>
        <material name="base_mat" shaderParameter="colorMat1"/>
    </baseMaterialConfigurations>

	<designMaterialConfigurations price="0" useDefaultColors="true" defaultColorIndex="8">
		<material name="base_mat" shaderParameter="colorMat3" />
    </designMaterialConfigurations>

    <rimColorConfigurations useDefaultColors="true">
        <rimColorConfiguration name="$l10n_ui_colorChrome" color="SHARED_WHITE2" material="3" price="0"/>
    </rimColorConfigurations>

    <wearable wearDuration="480" workMultiplier="5" fieldMultiplier="2"/>
    <washable dirtDuration="90" washDuration="1" workMultiplier="3" fieldMultiplier="2"/>

    <i3dMappings>
        <i3dMapping id="lz150_main_componentShape1" node="0>"/>
        <i3dMapping id="lz150_main_01" node="0>0"/>
        <i3dMapping id="lz150_main_02" node="0>0|0"/>
        <i3dMapping id="lz150_main_03" node="0>0|0|0"/>
        <i3dMapping id="lz150_vis" node="0>0|0|0|0"/>
        <i3dMapping id="wheels_fix" node="0>0|0|0|0|0|0"/>
        <i3dMapping id="wheelDrive" node="0>0|0|0|0|0|0|0"/>
        <i3dMapping id="wheelsBack" node="0>0|0|0|0|0|1"/>
        <i3dMapping id="wheelBackDrive" node="0>0|0|0|0|0|2"/>
        <i3dMapping id="wheelBack" node="0>0|0|0|0|0|2|0"/>
        <i3dMapping id="wheel_Back" node="0>0|0|0|0|0|2|0|0"/>
        <i3dMapping id="supportBack_fix" node="0>0|0|0|0|0|2|1"/>
        <i3dMapping id="wheelsBack03" node="0>0|0|0|0|0|3"/>
        <i3dMapping id="cameras" node="0>0|0|0|0|1"/>
        <i3dMapping id="outdoorCameraTarget" node="0>0|0|0|0|1|0"/>
        <i3dMapping id="outdoorCamera" node="0>0|0|0|0|1|0|0"/>
        <i3dMapping id="indoorCamera" node="0>0|0|0|0|1|1"/>
        <i3dMapping id="cameraRaycastNode1" node="0>0|0|0|0|1|2"/>
        <i3dMapping id="cameraRaycastNode2" node="0>0|0|0|0|1|3"/>
        <i3dMapping id="cameraRaycastNode3" node="0>0|0|0|0|1|4"/>
        <i3dMapping id="shadowFocusBox" node="0>0|0|0|0|1|5"/>
        <i3dMapping id="exitPoint" node="0>0|0|0|0|2"/>
        <i3dMapping id="handlebar" node="0>0|0|0|0|3"/>
        <i3dMapping id="handlebarRot" node="0>0|0|0|0|3|0"/>
        <i3dMapping id="handlebarEnter" node="0>0|0|0|0|3|0|0"/>
        <i3dMapping id="handlebar_vis" node="0>0|0|0|0|3|0|0|0"/>
        <i3dMapping id="wheelFront" node="0>0|0|0|0|3|0|0|0|0"/>
        <i3dMapping id="wheel_Front" node="0>0|0|0|0|3|0|0|0|0|0"/>
        <i3dMapping id="brakeCable_ref" node="0>0|0|0|0|3|0|0|0|0|1"/>
        <i3dMapping id="hands" node="0>0|0|0|0|3|0|0|0|1"/>
        <i3dMapping id="playerLeftHandTarget" node="0>0|0|0|0|3|0|0|0|1|0"/>
        <i3dMapping id="playerRightHandTarget" node="0>0|0|0|0|3|0|0|0|1|1"/>
        <i3dMapping id="lights" node="0>0|0|0|0|3|0|0|0|2"/>
        <i3dMapping id="lightGlass02" node="0>0|0|0|0|3|0|0|0|2|0|0|1"/>
        <i3dMapping id="frontLight" node="0>0|0|0|0|3|0|0|0|2|1|0"/>
        <i3dMapping id="handlebarProtection" node="0>0|0|0|0|3|0|0|0|3|0"/>
        <i3dMapping id="designFront" node="0>0|0|0|0|3|0|0|0|3|1"/>
        <i3dMapping id="decalHandlebar01" node="0>0|0|0|0|3|0|0|0|3|1|0|0"/>
        <i3dMapping id="decalHandlebar02" node="0>0|0|0|0|3|0|0|0|3|1|0|1"/>
        <i3dMapping id="decalHandlebar03" node="0>0|0|0|0|3|0|0|0|3|1|0|2"/>
        <i3dMapping id="decalHandlebar04" node="0>0|0|0|0|3|0|0|0|3|1|0|3"/>
        <i3dMapping id="decalHandlebar05" node="0>0|0|0|0|3|0|0|0|3|1|0|4"/>
        <i3dMapping id="decalHandlebar06" node="0>0|0|0|0|3|0|0|0|3|1|0|5"/>
        <i3dMapping id="decalHandlebar07" node="0>0|0|0|0|3|0|0|0|3|1|0|6"/>
        <i3dMapping id="decalHandlebar08" node="0>0|0|0|0|3|0|0|0|3|1|0|7"/>
        <i3dMapping id="decalHandlebar09" node="0>0|0|0|0|3|0|0|0|3|1|0|8"/>
        <i3dMapping id="decalHandlebar10" node="0>0|0|0|0|3|0|0|0|3|1|0|9"/>
        <i3dMapping id="supportFront" node="0>0|0|0|0|3|0|0|0|4|0"/>
        <i3dMapping id="supportFrontFix" node="0>0|0|0|0|3|0|0|0|4|1"/>
        <i3dMapping id="gauntlet_rot" node="0>0|0|0|0|3|0|0|0|5|0"/>
        <i3dMapping id="lever01" node="0>0|0|0|0|3|0|0|0|5|1"/>
        <i3dMapping id="lever02" node="0>0|0|0|0|3|0|0|0|5|2"/>
        <i3dMapping id="brakeCable" node="0>0|0|0|0|3|0|0|0|5|3"/>
        <i3dMapping id="characterTargets" node="0>0|0|0|0|4"/>
        <i3dMapping id="playerSkinMov01" node="0>0|0|0|0|4|0"/>
        <i3dMapping id="playerSkinMov02" node="0>0|0|0|0|4|0|0"/>
        <i3dMapping id="playerSkin" node="0>0|0|0|0|4|0|0|0"/>
        <i3dMapping id="playerLeftFootTarget" node="0>0|0|0|0|4|1"/>
        <i3dMapping id="playerRightFootTarget" node="0>0|0|0|0|4|2"/>
        <i3dMapping id="decals01" node="0>0|0|0|0|5|0|0"/>
        <i3dMapping id="decals02" node="0>0|0|0|0|5|0|1"/>
        <i3dMapping id="decals03" node="0>0|0|0|0|5|0|2"/>
        <i3dMapping id="decals04" node="0>0|0|0|0|5|0|3"/>
        <i3dMapping id="decals05" node="0>0|0|0|0|5|0|4"/>
        <i3dMapping id="decals06" node="0>0|0|0|0|5|0|5"/>
        <i3dMapping id="decals07" node="0>0|0|0|0|5|0|6"/>
        <i3dMapping id="decals08" node="0>0|0|0|0|5|0|7"/>
        <i3dMapping id="decals09" node="0>0|0|0|0|5|0|8"/>
        <i3dMapping id="decals10" node="0>0|0|0|0|5|0|9"/>
        <i3dMapping id="exhaust01" node="0>0|0|0|0|5|1|0"/>
        <i3dMapping id="exhaustParticle01" node="0>0|0|0|0|5|1|0|0"/>
        <i3dMapping id="exhaust02" node="0>0|0|0|0|5|1|1"/>
        <i3dMapping id="exhaustParticle02" node="0>0|0|0|0|5|1|1|0"/>
        <i3dMapping id="supportBack" node="0>0|0|0|0|6|0"/>
        <i3dMapping id="pulley" node="0>0|0|0|0|6|0|0"/>
        <i3dMapping id="pulleyRot" node="0>0|0|0|0|6|0|0|0"/>
        <i3dMapping id="hydraulic" node="0>0|0|0|0|6|0|1"/>
        <i3dMapping id="hydraulicPunch" node="0>0|0|0|0|6|0|1|0"/>
        <i3dMapping id="axisBackSpring" node="0>0|0|0|0|6|0|1|1"/>
        <i3dMapping id="chain_ref" node="0>0|0|0|0|6|0|2|0"/>
        <i3dMapping id="support" node="0>0|0|0|0|6|1"/>
        <i3dMapping id="march" node="0>0|0|0|0|6|2"/>
        <i3dMapping id="chain" node="0>0|0|0|0|6|3"/>
        <i3dMapping id="chainUV" node="0>0|0|0|0|6|3|0"/>
        <i3dMapping id="hydraulicRef" node="0>0|0|0|0|6|4"/>
        <i3dMapping id="aiCollisionNode" node="0>0|0|0|0|7|0"/>
        <i3dMapping id="tensionBeltNode01" node="0>0|0|0|0|8|0"/>
        <i3dMapping id="tensionBeltNode02" node="0>0|0|0|0|8|1"/>
        <i3dMapping id="tensionBeltNode03" node="0>0|0|0|0|8|2"/>
        <i3dMapping id="wheelsBack01" node="0>1|0"/>
        <i3dMapping id="wheelsBack02" node="0>1|1"/>
    </i3dMappings>
</vehicle>
