﻿<?xml version="1.0" encoding="utf-8" standalone="no" ?>
<modDesc descVersion="64">
    <author>SleutjesModding</author>
    <version>1.0.0.0</version>

    <title>
        <en>Lizard Lz 150</en>
    </title>

    <description>
        <en>
            <![CDATA[The Lz 150 motorcycle has efficiency and speed to get around all the fields and places on our farm. It also has several design options and you can leave it to your taste. Good game!

settings:
- design with numbers
- front light
- Colors
- handlebar protector
- exhausts
- handlebar design

Price: 2680 $
Power: 83 HP]]>
        </en>
        <de>
            <![CDATA[Das Motorrad Lz 150 verfügt über Effizienz und Geschwindigkeit, um alle Felder und Orte auf unserem Hof ​​zu umrunden. Es hat auch mehrere Gestaltungsmöglichkeiten und Sie können es Ihrem Geschmack überlassen. Gute Partie!

die Einstellungen:
- Design mit Zahlen
- Vorderlicht
- Farben
- Lenkerschutz
- Auspuff
- Lenkerdesign

Preis: 2680 €
Leistung: 83 PS]]>
        </de>
    </description>

    <iconFilename>icon.png</iconFilename>
    <multiplayer supported="true" />

    <storeItems>
        <storeItem xmlFilename="lz150.xml"/>
    </storeItems>

	<l10n>
		<text name="configuration_frontHandlebar"><en>Front handlebar</en><de>Lenker vorne</de></text>
		<text name="configuration_original"><en>Original</en><de>Original</de></text>
		<text name="configuration_decalsFront"><en>Decal</en><de>Abziehbild</de></text>
		<text name="configuration_light"><en>Light</en><de>Licht</de></text>
		<text name="configuration_protectionHandlebar"><en>Handlebar protection</en><de>Lenkerschutz</de></text>
		<text name="configuration_protection"><en>Protection</en><de>Schutz</de></text>
		<text name="configuration_decals"><en>Decal</en><de>Abziehbild</de></text>
		<text name="configuration_decal2"><en>46</en><de>46</de></text>
		<text name="configuration_decal3"><en>04</en><de>04</de></text>
		<text name="configuration_decal4"><en>09</en><de>09</de></text>
		<text name="configuration_decal5"><en>86</en><de>86</de></text>
		<text name="configuration_decal6"><en>17</en><de>17</de></text>
		<text name="configuration_decal7"><en>01</en><de>01</de></text>
		<text name="configuration_decal8"><en>23</en><de>23</de></text>
		<text name="configuration_decal9"><en>08</en><de>08</de></text>
		<text name="configuration_decal10"><en>69</en><de>69</de></text>
		<text name="configuration_exhaust"><en>Exhaust</en><de>Auspuff</de></text>
		<text name="configuration_exhaustChrome"><en>Exhaust chrome</en><de>Auspuff verchromt</de></text>
		<text name="configuration_Handlebar"><en>Handlebar</en><de>Lenker</de></text>
		<text name="configuration_Chrome"><en>Chrome</en><de>Chrom</de></text>
	</l10n>

</modDesc>
