<?xml version="1.0" encoding="utf-8" standalone="no" ?>

<streamingInternetRadios>
<!--NRJ-->      <streamingInternetRadio href="http://scdn.nrjaudio.fm/adwz2/fr/30001/mp3_128.mp3?origine=fluxradios"/>
<!--Urban HIT - FR-->     <streamingInternetRadio href="http://onlyrai.ice.infomaniak.ch/onlyrai-high.mp3"/>
<!--Generation - FR-->     <streamingInternetRadio href="http://generationfm.ice.infomaniak.ch/generationfm-high.mp3"/>
<!--Fun Radio - FR-->     <streamingInternetRadio href="http://icecast.funradio.fr/fun-1-44-128?listen=webCwsBCggNCQgLDQUGBAcGBg"/>
<!--RFM - FR-->     <streamingInternetRadio href="http://rfm-live-mp3-128.scdn.arkena.com/rfm.mp3"/>
<!--Cherie FM - FR-->     <streamingInternetRadio href="http://185.52.127.160/fr/30201/mp3_128.mp3?origine=fluxradios"/>
<!--France Inter - FR-->     <streamingInternetRadio href="http://chai5she.lb.vip.cdn.dvmr.fr/franceinter-midfi.mp3"/>
<!--Skyrock - FR-->     <streamingInternetRadio href="http://www.skyrock.fm/stream.php/tunein16_128mp3.mp3"/>
<!--RTL - FR-->     <streamingInternetRadio href="http://streaming.radio.rtl.fr/rtl-1-48-192"/>
<!--Europe 1 - FR-->     <streamingInternetRadio href="http://mp3lg4.tdf-cdn.com/9240/lag_180945.mp3"/>
<!--Rire & Chansons - FR-->     <streamingInternetRadio href="http://185.52.127.132/fr/30401/mp3_128.mp3?origine=fluxradios"/>
<!--Radio Classique - FR-->     <streamingInternetRadio href="http://radioclassique.ice.infomaniak.ch/radioclassique-high.mp3"/>
<!--RFM - FR-->     <streamingInternetRadio href="http://rfm-live-mp3-128.scdn.arkena.com/rfm.mp3"/>
<!--Virgin Radio - FR-->     <streamingInternetRadio href="http://vr-live-mp3-128.scdn.arkena.com/virginradio.mp3"/>
<!--BFM Business - FR-->     <streamingInternetRadio href="http://chai5she.lb.vip.cdn.dvmr.fr/bfmbusiness"/>
<!--Radio Nova - FR-->     <streamingInternetRadio href="http://novazz.ice.infomaniak.ch/novazz-128.mp3"/>
<!--TSF Jazz - FR-->     <streamingInternetRadio href="http://tsfjazz.ice.infomaniak.ch/tsfjazz-high.mp3"/>
<!--Nostalgie - FR-->     <streamingInternetRadio href="http://cdn.nrjaudio.fm/audio1/fr/30601/mp3_128.mp3?origine=fluxradios"/>
<!--Fip - FR-->     <streamingInternetRadio href="http://direct.fipradio.fr/live/fip-midfi.mp3"/>
<!--France Bleu - FR-->     <streamingInternetRadio href="http://direct.francebleu.fr/live/fb1071-midfi.mp3"/>
<!--France Culture - FR-->     <streamingInternetRadio href="http://direct.franceculture.fr/live/franceculture-midfi.mp3"/>
<!--France Info - FR-->     <streamingInternetRadio href="http://direct.franceinfo.fr/live/franceinfo-midfi.mp3"/>
<!--France Musique - FR-->     <streamingInternetRadio href="http://direct.francemusique.fr/live/francemusique-midfi.mp3"/>
<!--Mouv - FR-->     <streamingInternetRadio href="http://direct.mouv.fr/live/mouv-midfi.mp3"/>
<!--RCF - FR-->     <streamingInternetRadio href="http://rcf.streamakaci.com/rcf.mp3"/>
<!--RTL 2 - FR-->     <streamingInternetRadio href="http://streaming.radio.rtl2.fr/rtl2-1-48-192"/>
<!--Beur FM - FR-->     <streamingInternetRadio href="http://broadcast.infomaniak.ch/beurfm-high.mp3"/>
<!--La Radio de la Mer - FR-->     <streamingInternetRadio href="http://radiomer.ice.infomaniak.ch/radiomer-128.mp3"/>
<!--OUI FM - FR-->     <streamingInternetRadio href="http://ouifm.ice.infomaniak.ch/ouifm-high.mp3"/>
<!--Phare FM - FR-->     <streamingInternetRadio href="http://str0.creacast.com/pharefm"/>
<!--Radio FG - FR-->     <streamingInternetRadio href="http://radiofg.impek.com/fg"/>
<!--RFI (Radio France Internationale)- FR-->     <streamingInternetRadio href="http://live02.rfi.fr/rfimonde-96k.mp3"/>
<!--M Radio - FR-->     <streamingInternetRadio href="http://mfm.ice.infomaniak.ch/mfm-128.mp3"/>
<!--RMC - FR-->     <streamingInternetRadio href="http://chai5she.cdn.dvmr.fr/rmcinfo"/>
<!--RFM - FR-->     <streamingInternetRadio href="http://rfm-live-mp3-128.scdn.arkena.com/rfm.mp3"/>
<!--Cherie FM - FR-->     <streamingInternetRadio href="http://185.52.127.160/fr/30201/mp3_128.mp3?origine=fluxradios"/>
<!--France Inter - FR-->     <streamingInternetRadio href="http://chai5she.lb.vip.cdn.dvmr.fr/franceinter-midfi.mp3"/>
<!--OKLM Radio - FR-->     <streamingInternetRadio href="http://oklm.radioking.fr/radio/3093"/>
<!--Radio Espace -Lyon - FR-->     <streamingInternetRadio href="http://radioespace.ice.infomaniak.ch/radioespace-high.mp3"/>
<!--BFM Business - FR-->     <streamingInternetRadio href="http://chai5she.cdn.dvmr.fr/bfmbusiness"/>
<!--Swigg - FR-->     <streamingInternetRadio href="http://start-adofm.ice.infomaniak.ch/start-adofm-high.mp3"/>
<!--Latina - FR-->     <streamingInternetRadio href="http://start-latina.ice.infomaniak.ch/start-latina-high.mp3"/>
<!--Sud Radio - FR-->     <streamingInternetRadio href="http://start-sud.ice.infomaniak.ch/start-sud-high.mp3"/>
<!--Mixx Radio - FR-->     <streamingInternetRadio href="http://mixxfmfr.ice.infomaniak.ch/mixxfmfr-192.mp3"/>
<!--Horizon Aras - FR-->     <streamingInternetRadio href="http://broadcast.infomaniak.net/horizonradio-arras-128.mp3"/>
<!--Horizon Bethune Lens - FR-->     <streamingInternetRadio href="http://broadcast.infomaniak.net/horizonradio-bethunelens-128.mp3"/>
<!--Radio 6 - Calais - FR-->     <streamingInternetRadio href="http://radio6-calais.ice.infomaniak.ch/radio6-calais-128.mp3"/>
<!--Radio 6 - Dunkerque - FR-->     <streamingInternetRadio href="http://radio6-dunkerque.ice.infomaniak.ch/radio6-dunkerque-128.mp3"/>
<!--Champagne FM - Chalons en Champagne -  FR-->     <streamingInternetRadio href="http://chalons.ice.infomaniak.ch/chalons-128.mp3"/>
<!--EVASION-->
<!--Evasion Nord - FR-->     <streamingInternetRadio href="http://stream1.evasionfm.com/Nord77"/>
<!--Evasion Paris - FR-->     <streamingInternetRadio href="http://stream1.evasionfm.com/Paris"/>
<!--Evasion Somme - FR-->     <streamingInternetRadio href="http://stream1.evasionfm.com/Somme"/>
<!--Evasion Sud - FR-->     <streamingInternetRadio href="http://stream1.evasionfm.com/Sud77"/>
<!--Evasion Essonne - FR-->     <streamingInternetRadio href="http://stream1.evasionfm.com/Essonne"/>
<!--Evasion Yvelines - FR-->     <streamingInternetRadio href="http://stream1.evasionfm.com/Yvelines"/>
<!--HOTMIX-->
<!--Hotmix Game - FR-->     <streamingInternetRadio href="http://streamingads.hotmixradio.fm/hotmixradio-game-64.mp3"/>
<!--Hotmix Golds - FR-->     <streamingInternetRadio href="http://streamingads.hotmixradio.fm/hotmixradio-golds-64.mp3"/>
<!--Hotmix Baby - FR-->     <streamingInternetRadio href="http://streamingads.hotmixradio.fm/hotmixradio-baby-64.mp3"/>
<!--Hotmix Sunny - FR-->     <streamingInternetRadio href="http://streamingads.hotmixradio.fm/hotmixradio-sunny-64.mp3"/>
<!--Hotmix VIP - FR-->     <streamingInternetRadio href="http://streamingads.hotmixradio.fm/hotmixradio-vip-64.mp3"/>
<!--Hotmix Rock - FR-->     <streamingInternetRadio href="http://streamingads.hotmixradio.fm/hotmixradio-rock-64.mp3"/>
<!--Hotmix New - FR-->     <streamingInternetRadio href="http://streamingads.hotmixradio.fm/hotmixradio-new-64.mp3"/>
<!--Hotmix Metal - FR-->     <streamingInternetRadio href="http://streamingads.hotmixradio.fm/hotmixradio-metal-64.mp3"/>
<!--Hotmix Lounge - FR-->     <streamingInternetRadio href="http://streamingads.hotmixradio.fm/hotmixradio-lounge-64.mp3"/>
<!--Hotmix Japan - FR-->     <streamingInternetRadio href="http://streamingads.hotmixradio.fm/hotmixradio-japan-128.mp3"/>
<!--Hotmix Hot - FR-->     <streamingInternetRadio href="http://streamingads.hotmixradio.fm/hotmixradio-hot-64.mp3"/>
<!--Hotmix Hits - FR-->     <streamingInternetRadio href="http://streamingads.hotmixradio.fm/hotmixradio-hits-64.mp3"/>
<!--Hotmix Hip-Hop - FR-->     <streamingInternetRadio href="http://streamingads.hotmixradio.fm/hotmixradio-hiphop-64.mp3"/>
<!--Hotmix Sunny - FR-->     <streamingInternetRadio href="http://streamingads.hotmixradio.fm/hotmixradio-sunny-64.mp3"/>
<!--Hotmix Funky - FR-->     <streamingInternetRadio href="http://streamingads.hotmixradio.fm/hotmixradio-funky-64.mp3"/>
<!--Hotmix Frenchy - FR-->     <streamingInternetRadio href="http://streamingads.hotmixradio.fm/hotmixradio-frenchy-64.mp3"/>
<!--Hotmix Dance - FR-->     <streamingInternetRadio href="http://streamingads.hotmixradio.fm/hotmixradio-dance-64.mp3"/>
<!--Hotmix 2000 - FR-->     <streamingInternetRadio href="http://streamingads.hotmixradio.fm/hotmixradio-2k-64.mp3"/>
<!--Hotmix 90's - FR-->     <streamingInternetRadio href="http://streamingads.hotmixradio.fm/hotmixradio-90-64.mp3"/>
<!--Hotmix 80's - FR-->     <streamingInternetRadio href="http://streamingads.hotmixradio.fm/hotmixradio-80-64.mp3"/>
<!--VOLTAGE-->
<!--Voltage - FR-->     <streamingInternetRadio href="http://start-voltage.ice.infomaniak.ch/start-voltage-high.mp3"/>
<!--Voltage Work - FR-->     <streamingInternetRadio href="http://d3-soundcast-edge-6.infomaniak.ch/voltagework-128.mp3"/>
<!--Voltage 2000 - FR-->     <streamingInternetRadio href="http://d3-soundcast-edge-3.infomaniak.ch/voltage2000-128.mp3"/>
<!--Voltage 80's - FR-->     <streamingInternetRadio href="http://d3-soundcast-edge-3.infomaniak.ch/voltage80s-128.mp3"/>
<!--Voltage 90's - FR-->     <streamingInternetRadio href="http://voltage90s.bcast.infomaniak.ch/voltage90s-128.mp3"/>
<!--Voltage Club - FR-->     <streamingInternetRadio href="http://voltageclub.bcast.infomaniak.ch/voltageclub-128.mp3"/>
<!--Voltage en Francais - FR-->     <streamingInternetRadio href="https://voltageenfrancais.ice.infomaniak.ch/voltageenfrancais-128.mp3"/>
<!--Voltage Lounge - FR-->     <streamingInternetRadio href="http://voltagelounge.bcast.infomaniak.ch/voltagelounge-128.mp3"/>
<!--Voltage Love - FR-->     <streamingInternetRadio href="http://voltagelove.bcast.infomaniak.ch/voltagelove-128.mp3"/>
</streamingInternetRadios>