<?xml version="1.0" encoding="utf-8" standalone="no" ?>
<wheel xmlns:xsi="http://www.w3.org/2001/XMLSchema-instance" xsi:noNamespaceSchemaLocation="../../../../../../shared/xml/schema/wheel.xsd">
    <brand>LIZARD</brand>
    <name>CLAW</name>
    <default>
        <physics radius="0.34" width="0.17" mass="0.01" tireType="street" frictionScale="7" maxLongStiffness="8" maxLatStiffness="100" maxLatStiffnessLoad="2" />
        <tire filename="wheels/wheels.i3d" nodeLeft="0|1" nodeRight="0|1" maxDeformation="0.01" isCareWheel="true" tireTrackAtlasIndex="4" />
        <innerRim filename="wheels/wheels.i3d" nodeLeft="1|1" nodeRight="1|1"/>
    </default>

</wheel>
