<?xml version="1.0" encoding="utf-8" standalone="no" ?>
<wheel xmlns:xsi="http://www.w3.org/2001/XMLSchema-instance" xsi:noNamespaceSchemaLocation="../../../../../../shared/xml/schema/wheel.xsd">
    <brand>LIZARD</brand>
    <name>CLAW</name>
    <default>
        <physics radius="0.32" width="0.16" mass="0.1" tireType="street" frictionScale="4" maxLongStiffness="8" maxLatStiffness="100" maxLatStiffnessLoad="2" />
        <tire filename="wheels/wheels.i3d" nodeLeft="0|0" nodeRight="0|0" maxDeformation="0.01" isCareWheel="true" tireTrackAtlasIndex="4" />
        <innerRim filename="wheels/wheels.i3d" nodeLeft="1|0" nodeRight="1|0"/>
    </default>

</wheel>
