<?xml version="1.0" encoding="utf-8" standalone="no" ?>
<modDesc descVersion="71">
    <author>olaf.tnt</author>
    <version>1.0.0.0</version>
    <title>
        <en>Wheelie</en>
        <de>Traktor-Wheelie</de>
        <fr>Roulé</fr>
    </title>
    <description>
        <en><![CDATA[This mod adds wheelie ability in to the game, to perform a wheelie stop your vehicle, press left shift, and start accelerating with full throttle.]]></en>
        <de><![CDATA[Diese Mod fügt dem Spiel die Wheelie-Fähigkeit hinzu. Um einen Wheelie auszuführen, halte dein Fahrzeug an, drücke die linke Umschalttaste und beginne, mit Vollgas zu beschleunigen.]]></de>
        <fr><![CDATA[Ce mod ajoute une capacité de roue arrière au jeu, pour effectuer une roue arrière, arrêter votre véhicule, appuyer sur la touche gauche et commencer à accélérer à plein régime.]]></fr>
    </description>
    <iconFilename>modIcon.dds</iconFilename>
    <multiplayer supported="false" />
    <extraSourceFiles>
        <sourceFile filename="WheelieScript.lua" />
    </extraSourceFiles>
</modDesc>

