<?xml version="1.0" encoding="utf-8" standalone="no" ?>
<GUI onOpen="onOpen" onClose="onClose" onCreate="onCreate">
    <GuiElement type="bitmap" profile="bgVignette"/>
    <GuiElement type="bitmap" profile="bgGlow" />

    <GuiElement type="bitmap" profile="uiElementCenter" size="1280px 698px">
        <GuiElement type="bitmap" profile="uiInGameMenuHeader" id="header">
            <GuiElement type="multiTextOption" profile="uiInGameMenuHeaderSelector" onClick="onClickPageSelection" id="pageSelector" soundDisabled="true">
                <GuiElement type="button" profile="uiInGameMenuPagingButtonLeft" id="pagingButtonLeft"/>
                <GuiElement type="button" profile="uiInGameMenuPagingButtonRight" id="pagingButtonRight"/>
            </GuiElement>

            <GuiElement type="list" profile="uiInGameMenuPagingTabList" id="pagingTabList" position="0px -160px" handleFocus="false" onSelectionChanged="onTabMenuSelectionChanged" onScroll="onTabMenuScroll">
                <!-- Page tab template element, will be cloned for each known page: -->
                <GuiElement type="listItem" id="pagingTabTemplate" profile="uiTabbedMenuPageTab" handleFocus="false">
                    <GuiElement type="button" name="tabButton" profile="uiTabbedMenuPageTabButton" handleFocus="false"/>
                </GuiElement>
            </GuiElement>

            <GuiElement type="button" profile="uiInGameMenuPagingTabPrevious" id="pagingTabPrevious" onClick="onTabPagingPrevious">
                <GuiElement type="bitmap" profile="uiInGameMenuPagingTabPrevIcon"/>
            </GuiElement>
            <GuiElement type="button" profile="uiInGameMenuPagingTabNext" id="pagingTabNext" onClick="onTabPagingNext">
                <GuiElement type="bitmap" profile="uiInGameMenuPagingTabNextIcon"/>
            </GuiElement>
        </GuiElement>

        <GuiElement type="bitmap" profile="uiElementContainerFullScreenSpanning">
            <GuiElement type="bitmap" profile="uiFullInGameBackground"/>

            <GuiElement type="paging" profile="uiInGameMenuPaging" onPageChange="onPageChange" onPageUpdate="onPageUpdate" id="pagingElement">
                <GuiElement type="frameReference" ref="guidanceSteeringSettings" name="guidanceSteeringSettings" id="pageSettings"/>
                <GuiElement type="frameReference" ref="guidanceSteeringStrategy" name="guidanceSteeringStrategy" id="pageStrategy"/>
            </GuiElement>
        </GuiElement>

        <GuiElement type="flowLayout" profile="buttonBoxDockedOnScreenWithTabBar" id="buttonsPanel" newLayer="true">
            <GuiElement type="button" profile="buttonBack" onClick="onClickBack" id="menuButton[1]"/>
            <GuiElement type="button" profile="buttonBack" onClick="onClickBack" id="menuButton[2]"/>
        </GuiElement>
    </GuiElement>
</GUI>
